"ÉTUDE SALAIRE 2018 - Paysagiste Concepteur","","","","","","","","","","","","","","","","","","","","","","","","","","","","","","","","","","","","","","","",""
"Détails de la soumission","","","","","","","","","","","","Avez-vous un autre diplôme ?","","","","","","","","","","","Compétences mobilisées","","","","","","","","","","","","","","","","",""
"Séquentiel","SID","Heure de soumission","Heure de complétion","Heure de modification","Brouillon","Adresse IP","UID","Nom d'utilisateur","Votre diplôme principal","Autre diplôme principal","Votre année de diplôme","non","oui","Nombre d'années d'expérience","Localisation actuelle","Autre localisation","Type actuel d'entreprise","Autre type d'entreprise","Taille de votre entreprise actuelle","Convention collective de l'entreprise","Type de poste actuel","Autre type de poste","Rédactions de documents administratifs (devis, offres, ...)","Recrutement (planification, offre, entretien, ...)","Management (gestion d'équipe, pilotage de projets)","Communication graphique et orale","Veille technique et normative","Concertation","Terrain","Réalisation de concours","Conception (phase esquisse)","Conception (phase AVP)","Conception (phase PRO)","Conception (phase DCE)","ACT - Analyse des offres","Suivi de chantiers","Commercial et relation client","Années d'ancienneté au sein de votre entreprise actuelle","Quelle est votre salaire brut annuel FIXE en 2018 (ajusté pour un temps plein) ?","Quelle est l'estimation de votre rémunération VARIABLE en 2018 ?"
"5","1222734","21/10/2018 - 10:24","21/10/2018 - 10:24","21/10/2018 - 10:24","0","0.0.0.0","0","Anonymous","ENSAPL","","2016","X","","2","Nantes","","Groupe","","201-500","","Chargé(e) d'étude débutant","","X","","","X","","","X","X","X","X","X","","","","X","2","26200","550"
"6","1223475","21/10/2018 - 20:17","21/10/2018 - 20:17","21/10/2018 - 20:17","0","0.0.0.0","0","Anonymous","ENSAPL","","2016","X","","2","Lille","","Agence","","6-10","Entreprise d’architecture","Chef(fe) de projet","","X","","X","X","","X","X","X","X","X","X","X","X","X","","2","29660","28901"
"7","1250705","30/10/2018 - 10:57","30/10/2018 - 10:57","30/10/2018 - 10:57","0","0.0.0.0","0","Anonymous","ENSAPL","","2015","X","","3","Autre","Rouen","Agence","","2-5","Bureau d'études techniques","Assistant(e) de projet","","X","","","X","","","","","X","X","X","X","","","","0","24000","0"
"8","1250706","30/10/2018 - 10:58","30/10/2018 - 10:58","30/10/2018 - 10:58","0","0.0.0.0","0","Anonymous","ENSAPL","","2016","","X","2","Angleterre","","Maîtrise d'œuvre","","51-200","Entreprises paysagistes","Assistant(e) de projet","","X","","","X","X","X","X","X","X","X","X","X","","X","","2","29380","29380"
"9","1250711","30/10/2018 - 10:59","30/10/2018 - 10:59","30/10/2018 - 10:59","0","0.0.0.0","0","Anonymous","ENSAPL","","2016","","X","2","Autre","Montpellier ","Maîtrise d'œuvre","","1001-...","Entreprises paysagistes","Chargé(e) d'étude débutant","","","","","X","","","X","X","X","X","","","","X","","1","26400","24960"
"10","1250740","30/10/2018 - 11:03","30/10/2018 - 11:03","30/10/2018 - 11:03","0","0.0.0.0","0","Anonymous","ENSAPL","","2018","","X","2","Autre","Birmanie","Autre","Design & Project managment","11-25","Entreprise design (interieur, paysage, archi) ","Chargé(e) d'étude","","","","X","X","","","X","","X","X","X","X","","X","","1","34000","0"
"11","1250770","30/10/2018 - 11:09","30/10/2018 - 11:09","30/10/2018 - 11:09","0","0.0.0.0","0","Anonymous","ENSAPL","","2016","","X","2","Île-de-France","","Bureau d'études","","6-10","Entreprises d'architecture ","Chef(fe) de projet","","X","X","X","X","X","X","X","X","X","X","X","X","X","X","X","1","40560","2275"
"12","1250776","30/10/2018 - 11:11","30/10/2018 - 11:11","30/10/2018 - 11:11","0","0.0.0.0","0","Anonymous","ENSAPL","","2015","","X","3","Île-de-France","","Public","","1001-...","Fonction publique ","Chef(fe) de projet","","","","X","","","","","","","","","","","","","1","37800","26850"
"13","1251185","30/10/2018 - 12:38","30/10/2018 - 12:38","30/10/2018 - 12:38","0","0.0.0.0","0","Anonymous","ENSAPL","","2016","X","","1","Toulouse","","Agence","","2-5","Entreprises paysagistes","Chargé(e) d'étude débutant","","X","","","X","X","","X","X","X","X","X","X","X","X","","1","24000","0"
"14","1251567","30/10/2018 - 14:42","30/10/2018 - 14:42","30/10/2018 - 14:42","0","0.0.0.0","0","Anonymous","ENSAPL","","2014","X","","3","Angleterre","","Agence","","51-200","Consultants en Environnement","Assistant(e) de projet","","","","","X","","","X","","X","X","X","X","","X","","3","32650","800"
"15","1251781","30/10/2018 - 15:30","30/10/2018 - 15:30","30/10/2018 - 15:30","0","0.0.0.0","0","Anonymous","ENSAPL","","2015","X","","3","Angleterre","","Maîtrise d'œuvre","","11-25","Entreprises paysagistes","Chef(fe) de projet débutant","","","","","X","","X","","X","X","X","X","","","","","1","31430","1000"
"16","1252318","30/10/2018 - 17:38","30/10/2018 - 17:38","30/10/2018 - 17:38","0","0.0.0.0","0","Anonymous","ENSAPL","","2016","","X","2","Lyon","","Maîtrise d'œuvre","","6-10","Convention collective des architectes ","Chargé(e) d'étude débutant","","","","","X","","","X","X","X","X","X","X","","","","0","27400","3000"
"17","1253426","31/10/2018 - 08:37","31/10/2018 - 08:37","31/10/2018 - 08:37","0","0.0.0.0","0","Anonymous","INH","","2017","X","","1","Autre","Angers","Bureau d'études","","2-5","Bureaux d’études techniques - Syntec","Chargé(e) d'étude débutant","","","","","X","X","","","","X","X","X","","","","","2","23000","1900"
"18","1253457","31/10/2018 - 08:46","31/10/2018 - 08:46","31/10/2018 - 08:46","0","0.0.0.0","0","Anonymous","ENSNP","","2017","X","","1","Nantes","","Agence","","2-5","Syntec","Chef(fe) de projet débutant","","","","","X","X","X","X","X","X","X","X","X","X","","","1","24876","0"
"19","1253460","31/10/2018 - 08:47","31/10/2018 - 08:47","31/10/2018 - 08:47","0","0.0.0.0","0","Anonymous","ENSNP","","2015","X","","3","Autre","63","Agence","","2-5","Entreprises architecture ","Chargé(e) d'étude","","X","","","X","","","X","","X","X","X","X","X","X","","3","24000","0"
"20","1253475","31/10/2018 - 08:50","31/10/2018 - 08:50","23/11/2018 - 21:16","0","0.0.0.0","0","Anonymous","ESAJ","","2014","","X","3","Paris","","Bureau d'études","","2-5","Entreprises paysagistes","Chargé(e) d'étude","","X","","X","X","X","X","X","X","X","X","X","X","X","X","","3","26832","500"
"21","1253480","31/10/2018 - 08:51","31/10/2018 - 08:51","31/10/2018 - 08:51","0","0.0.0.0","0","Anonymous","ENSP Versailles","","2017","","X","3","Paris","","Agence","","11-25","Entrepeises d'Architecture","Chargé(e) d'étude débutant","","","","X","X","X","","X","X","X","X","X","X","","","","0","29000","0"
"22","1253489","31/10/2018 - 08:54","31/10/2018 - 08:54","31/10/2018 - 08:54","0","0.0.0.0","0","Anonymous","INH","","2018","X","","0","Île-de-France","","Bureau d'études","","6-10","Syntec","Chargé(e) d'étude débutant","","X","","","X","","X","X","","","X","","","X","X","","0","26400","0"
"23","1253510","31/10/2018 - 09:00","31/10/2018 - 09:00","31/10/2018 - 09:00","0","0.0.0.0","0","Anonymous","ENSP Versailles","","2015","X","","3","Autre","tours","Association","","6-10","Entreprises d'architecture","Chargé(e) d'étude","","X","","X","X","X","X","X","","X","","","","X","","","1","30540","1200"
"24","1253533","31/10/2018 - 09:05","31/10/2018 - 09:05","31/10/2018 - 09:05","0","0.0.0.0","0","Anonymous","ENSP Versailles","","2015","","X","3","Paris","","Agence","","6-10","Entreprises paysagistes","Assistant(e) de projet","","","","X","X","","X","","X","X","X","X","X","","","","0","31200","28000"
"25","1253538","31/10/2018 - 09:06","31/10/2018 - 09:06","31/10/2018 - 09:06","0","0.0.0.0","0","Anonymous","INH","","2014","X","","4","Nantes","","Autre","Entreprise d'espace vert","51-200","Entreprises paysagistes","Chargé(e) d'étude","","","","","","","","X","","","","","","","X","X","4","31200","8000"
"26","1253540","31/10/2018 - 09:06","31/10/2018 - 09:06","31/10/2018 - 09:06","0","0.0.0.0","0","Anonymous","ENSP Versailles","","2016","X","","2","Autre","Jura","Association","","6-10","CAUE","Autre","paysagiste conseiller","X","","X","X","X","X","","","X","","","","","","X","1","33000","0"
"27","1253543","31/10/2018 - 09:08","31/10/2018 - 09:08","31/10/2018 - 09:08","0","0.0.0.0","0","Anonymous","Autre","Ingénieur agronome - validation des acquis a l'INHP pendant 1 an","2011","X","","7","Lyon","","Bureau d'études","","11-25","Entreprises d'architecture","Chef(fe) de projet","","X","X","X","X","X","","X","X","X","X","X","X","X","X","X","1","28080","0"
"28","1253594","31/10/2018 - 09:20","31/10/2018 - 09:20","31/10/2018 - 09:20","0","0.0.0.0","0","Anonymous","ENSNP","","2013","X","","4","Strasbourg","","Agence","","2-5","Entreprise d'architecture","Chargé(e) d'étude","","","","","X","X","X","X","X","X","X","X","X","X","X","","2","27300","500"
"29","1253598","31/10/2018 - 09:21","31/10/2018 - 09:21","31/10/2018 - 09:21","0","0.0.0.0","0","Anonymous","ENSP Versailles","","2011","","X","5","Île-de-France","","Agence","","26-50","Entreprises paysagistes","Chef(fe) de projet débutant","","","","","","","","","","X","X","","","","","","1","31200","500"
"30","1253606","31/10/2018 - 09:24","31/10/2018 - 09:24","31/10/2018 - 09:24","0","0.0.0.0","0","Anonymous","INH","","2010","","X","8","Suisse","","Bureau d'études","","6-10","Bureau d'étude environnement et paysage","Chargé(e) d'étude confirmé","","","","","X","","","","X","X","X","X","","","","","1","66300","5100"
"31","1253611","31/10/2018 - 09:24","31/10/2018 - 09:24","31/10/2018 - 09:24","0","0.0.0.0","0","Anonymous","INH","","2015","X","","3","Autre","Angers","Bureau d'études","","11-25","bureaux d'études techniques","Chargé(e) d'étude","","","","X","X","","X","X","","","","","","","","","3","28044","0"
"32","1253614","31/10/2018 - 09:25","31/10/2018 - 09:25","31/10/2018 - 09:25","0","0.0.0.0","0","Anonymous","ENSNP","","2016","X","","2","Paris","","Agence","","11-25","Entreprises paysagistes","Autre","paysagiste ","","","","X","","","X","X","X","X","X","","","","","2","31200","26520"
"33","1253617","31/10/2018 - 09:26","31/10/2018 - 09:26","31/10/2018 - 09:26","0","0.0.0.0","0","Anonymous","INH","","2013","","X","4","Marseille - Aix-en-Provence","","Freelance / Indépendant","","1","Entreprises paysagistes","Directeur(trice) de société","","X","","X","X","X","X","X","","X","X","X","X","X","X","","4","21000","0"
"34","1253632","31/10/2018 - 09:29","31/10/2018 - 09:29","31/10/2018 - 09:29","0","0.0.0.0","0","Anonymous","INH","","2007","X","","11","Lille","","Public","","1001-...","Fonction publique territoriale","Chef(fe) de projet","","","","X","X","","","X","","X","X","","","X","X","","2","48000","0"
"35","1253641","31/10/2018 - 09:31","31/10/2018 - 09:31","31/10/2018 - 09:31","0","0.0.0.0","0","Anonymous","INH","","2017","X","","2","Autre","DOM TOM","Bureau d'études","","2-5","Syntec","Chef(fe) de projet","","X","X","","X","X","X","X","X","X","X","X","X","X","X","X","1","22800","0"
"36","1253668","31/10/2018 - 09:36","31/10/2018 - 09:36","31/10/2018 - 09:36","0","0.0.0.0","0","Anonymous","INH","","2011","","X","6","Autre","angers","Public","","1001-...","Entreprises paysagistes","Chef(fe) de projet","","X","","","X","X","X","X","","X","X","X","X","X","X","","2","32000","0"
"37","1253669","31/10/2018 - 09:36","31/10/2018 - 09:36","31/10/2018 - 09:36","0","0.0.0.0","0","Anonymous","ENSNP","","2017","X","","1","Paris","","Agence","","2-5","Convention collective des architectes","Chef(fe) de projet débutant","","X","X","","X","","","","","","X","X","X","","X","","1","24492","0"
"38","1253686","31/10/2018 - 09:40","31/10/2018 - 09:40","31/10/2018 - 09:40","0","0.0.0.0","0","Anonymous","ENSNP","","2014","","X","4","Autre","Rouen","Bureau d'études","","6-10","Entreprises paysagistes","Chef(fe) de projet","","X","","X","X","","","X","X","X","X","","","","","","0","28000","10900"
"39","1253698","31/10/2018 - 09:43","31/10/2018 - 09:43","31/10/2018 - 09:43","0","0.0.0.0","0","Anonymous","ENSNP","","2018","","X","0","Autre","Clermont-Ferrand","Agence","","2-5","entreprises paysagistes","Chargé(e) d'étude débutant","","","","","X","","","X","X","X","X","X","X","X","X","","0","20040","0"
"40","1253705","31/10/2018 - 09:45","31/10/2018 - 09:45","31/10/2018 - 09:45","0","0.0.0.0","0","Anonymous","INH","","2012","X","","6","Lille","","Agence","","2-5","Entreprises d'architecture","Chef(fe) de projet","","X","","","X","X","","X","X","X","X","X","X","X","X","","6","22800","0"
"41","1253787","31/10/2018 - 10:03","31/10/2018 - 10:03","31/10/2018 - 10:03","0","0.0.0.0","0","Anonymous","INH","","2015","X","","2","Nantes","","Bureau d'études","","51-200","Syntec","Chargé(e) d'étude débutant","","X","","","X","","","X","","","","","","","","","2","23400","600"
"42","1253790","31/10/2018 - 10:04","31/10/2018 - 10:04","31/10/2018 - 10:04","0","0.0.0.0","0","Anonymous","INH","","2009","X","","9","Nantes","","Bureau d'études","","201-500","Syntec","Chef(fe) de projet","","X","X","X","X","","X","X","X","X","X","X","X","X","","X","9","35000","900"
"43","1253819","31/10/2018 - 10:10","31/10/2018 - 10:10","31/10/2018 - 10:10","0","0.0.0.0","0","Anonymous","ENSNP","","2016","X","","2","Autre","Vendôme ","Maîtrise d'œuvre","","2-5","Bet syntec","Chef(fe) de projet débutant","","X","","X","X","","X","X","X","X","X","X","X","X","X","","2","26520","0"
"44","1253883","31/10/2018 - 10:22","31/10/2018 - 10:22","31/10/2018 - 10:22","0","0.0.0.0","0","Anonymous","INH","","2015","","X","3","Toulouse","","Bureau d'études","","11-25","Syntec","Chef(fe) de projet débutant","","X","","X","X","X","","X","","","","","","","","","3","25000","1000"
"45","1253892","31/10/2018 - 10:24","31/10/2018 - 10:24","31/10/2018 - 10:24","0","0.0.0.0","0","Anonymous","ENSAPBX","","2017","X","","0","Bordeaux","","Freelance / Indépendant","","1","Entreprises paysagistes","Chargé(e) d'étude débutant","","X","","","X","","","X","X","X","X","X","","","","X","0","15000","750"
"46","1253909","31/10/2018 - 10:28","31/10/2018 - 10:28","31/10/2018 - 10:28","0","0.0.0.0","0","Anonymous","ENSAPBX","","2013","X","","4","Autre","Cognac ","Association","","2-5","Associatif","Autre","Animatrice en création de jardins pédagogiques et partagés ","X","","X","X","","X","X","X","X","X","","","","X","","7","23400","0"
"47","1253930","31/10/2018 - 10:31","31/10/2018 - 10:31","23/11/2018 - 21:17","0","0.0.0.0","0","Anonymous","ESAJ","","2017","","X","0","Paris","","Agence","","11-25","Entreprises paysagistes","Chargé(e) d'étude débutant","","","","","X","","X","X","","X","X","X","X","","","","0","24000","500"
"48","1253966","31/10/2018 - 10:43","31/10/2018 - 10:43","31/10/2018 - 10:43","0","0.0.0.0","0","Anonymous","Autre","Master en architecture du Paysage ","2016","","X","1","Lyon","","Public","","6-10","fonction publique ","Chargé(e) d'étude débutant","","X","","","X","X","X","","","","","","","X","","","1","21200","0"
"49","1253972","31/10/2018 - 10:45","31/10/2018 - 10:45","31/10/2018 - 10:45","0","0.0.0.0","0","Anonymous","INH","","2013","X","","4","Île-de-France","","Bureau d'études","","6-10","Entreprises paysagistes","Chargé(e) d'étude","","X","","","","X","","","","X","","","X","X","X","","2","24930","0"
"50","1254022","31/10/2018 - 11:01","31/10/2018 - 11:01","31/10/2018 - 11:01","0","0.0.0.0","0","Anonymous","Autre","Licence aménagement paysager","2015","","X","3","Île-de-France","","Autre","SARL privée ","6-10","Entreprises paysagistes","Chef(fe) de projet","","X","","X","X","X","X","","","X","","","","","X","X","2","31200","0"
"51","1254044","31/10/2018 - 11:05","31/10/2018 - 11:05","31/10/2018 - 11:05","0","0.0.0.0","0","Anonymous","INH","","2015","X","","2","Nantes","","Bureau d'études","","201-500","Syntec","Chef(fe) de projet","","X","X","X","X","","","X","","","","","","","","X","1","24480","250"
"52","1254062","31/10/2018 - 11:09","31/10/2018 - 11:09","31/10/2018 - 11:09","0","0.0.0.0","0","Anonymous","ENSAPBX","","2011","","X","6","Bordeaux","","Bureau d'études","","26-50","Syntec","Chef(fe) de projet","","X","","X","X","","X","X","","X","X","","","","","X","6","33000","0"
"53","1254070","31/10/2018 - 11:11","31/10/2018 - 11:11","03/11/2018 - 17:40","0","0.0.0.0","0","Anonymous","ENSAPBX","","2005","","X","12","Paris","","Agence","","2-5","Architecture","Chef(fe) de projet confirmé","","X","","X","X","","X","X","X","X","X","X","X","","","","7","28800","0"
"54","1254094","31/10/2018 - 11:14","31/10/2018 - 11:14","31/10/2018 - 11:14","0","0.0.0.0","0","Anonymous","Autre","BTS AP + licence CAO DAO","2015","X","","3","Lyon","","Bureau d'études","","26-50","Entreprises paysagistes","Chargé(e) d'étude","","X","","X","X","X","","X","X","X","X","X","X","X","X","X","1","26400","0"
"55","1254097","31/10/2018 - 11:15","31/10/2018 - 11:15","03/11/2018 - 17:40","0","0.0.0.0","0","Anonymous","Autre","Ingénieur paysagiste Hepia Genève ","2009","","X","9","Autre","La Réunion ","Agence","","6-10","Entreprises paysagistes","Chef(fe) de projet","","X","","X","X","X","","","X","X","X","X","X","X","X","X","7","44000","0"
"57","1254121","31/10/2018 - 11:19","31/10/2018 - 11:19","31/10/2018 - 11:19","0","0.0.0.0","0","Anonymous","ENSNP","","2018","X","","0","Autre","Nîmes","Agence","","6-10","Design de services et concertation","Assistant(e) de projet","","","","","X","","X","","","","","","","","","","0","25000","500"
"58","1254133","31/10/2018 - 11:21","31/10/2018 - 11:21","31/10/2018 - 11:21","0","0.0.0.0","0","Anonymous","ENSAPL","","2005","X","","12","Île-de-France","","Bureau d'études","","2-5","bureaux d’études techniques","Autre","paysagiste","X","","X","X","X","X","X","","X","X","X","X","X","X","X","12","31200","0"
"59","1254137","31/10/2018 - 11:23","31/10/2018 - 11:23","31/10/2018 - 11:23","0","0.0.0.0","0","Anonymous","ENSP Versailles","","2014","X","","4","Lyon","","Freelance / Indépendant","","2-5","Entreprises paysagistes","Directeur(trice) d'agence","","X","","","X","","X","","","","","","","","X","X","4","45000","500"
"61","1254147","31/10/2018 - 11:25","31/10/2018 - 11:25","31/10/2018 - 11:25","0","0.0.0.0","0","Anonymous","Autre","Licence Aménagement paysagers infographie ","2014","X","","4","Nantes","","Bureau d'études","","2-5","Bureaux d’etudes Techniques ","Chargé(e) d'étude","","X","","","","","","X","","X","X","X","X","X","X","","2","26500","0"
"62","1254183","31/10/2018 - 11:31","31/10/2018 - 11:31","31/10/2018 - 11:31","0","0.0.0.0","0","Anonymous","ENSAPBX","","2016","X","","3","Toulouse","","Freelance / Indépendant","","1","Entreprises paysagistes","Autre","chef d'entreprise unipersonnelle","X","","","X","","X","","X","X","X","X","","","","X","2","18000","0"
"63","1254202","31/10/2018 - 11:35","31/10/2018 - 11:35","31/10/2018 - 11:35","0","0.0.0.0","0","Anonymous","ENSNP","","2017","X","","1","Autre","Ireland","Agence","","11-25","Entreprises paysagistes","Dessinateur(trice) projeteur","","","","","X","","X","","X","X","X","X","X","","","","1","28000","500"
"64","1254210","31/10/2018 - 11:37","31/10/2018 - 11:37","31/10/2018 - 11:37","0","0.0.0.0","0","Anonymous","ENSP Versailles","","2014","X","","3","Lyon","","Agence","","2-5","Entreprises architecture","Chargé(e) d'étude confirmé","","","","","X","","X","X","X","X","X","X","X","","","","1","27300","0"
"65","1254220","31/10/2018 - 11:41","31/10/2018 - 11:41","31/10/2018 - 11:41","0","0.0.0.0","0","Anonymous","ENSP Marseille","","2017","","X","1","Rennes","","Agence","","6-10","Agence paysagistes","Chargé(e) d'étude","","","","","X","","","X","","X","X","","","","","X","1","25740","25740"
"66","1254309","31/10/2018 - 12:00","31/10/2018 - 12:00","31/10/2018 - 12:00","0","0.0.0.0","0","Anonymous","ENSNP","","2017","X","","1","Autre","bruxelles","Freelance / Indépendant","","1","Entreprises paysagistes","Chargé(e) d'étude débutant","","X","","X","X","X","","X","","X","X","","","","","X","1","31200","0"
"67","1254373","31/10/2018 - 12:14","31/10/2018 - 12:14","31/10/2018 - 12:14","0","0.0.0.0","0","Anonymous","ENSAPBX","","2016","","X","1","Bordeaux","","Freelance / Indépendant","","1","Entreprises paysagistes","Autre","Dirigeant (liberal) ","X","","","X","X","X","X","X","","","","","","","X","1","16000","0"
"68","1254377","31/10/2018 - 12:14","31/10/2018 - 12:14","31/10/2018 - 12:14","0","0.0.0.0","0","Anonymous","INH","","2016","X","","2","Allemagne","","Agence","","26-50","entreprises d’architecture","Chargé(e) d'étude","","","","","X","","","","","","X","X","X","","","","2","27200","0"
"69","1254416","31/10/2018 - 12:23","31/10/2018 - 12:23","03/11/2018 - 17:41","0","0.0.0.0","0","Anonymous","ENSP Versailles","","2015","","X","7","Paris","","Agence","","26-50","architecture ","Chargé(e) d'étude","","","","","X","","","","X","X","X","X","X","","","","1","36800","35000"
"70","1254418","31/10/2018 - 12:23","31/10/2018 - 12:23","31/10/2018 - 12:23","0","0.0.0.0","0","Anonymous","ENSAPL","","2016","X","","2","Autre","Creil","Association","","11-25","Acteurs du développement et de l'ingénierie territoriale d'intérêt général (en cours, cf. Fnau, CAUE)","Chargé(e) d'étude","","","","","X","","X","X","","","","","","","","","2","26273","0"
"71","1254426","31/10/2018 - 12:25","31/10/2018 - 12:25","31/10/2018 - 12:25","0","0.0.0.0","0","Anonymous","INH","","2017","X","","1","Angleterre","","Bureau d'études","","2-5","Entreprises paysagistes","Chargé(e) d'étude débutant","","","","","X","","","X","","X","X","X","X","","","","1","22000","0"
"72","1254439","31/10/2018 - 12:29","31/10/2018 - 12:29","31/10/2018 - 12:29","0","0.0.0.0","0","Anonymous","INH","","2017","X","","1","Paris","","Agence","","2-5","Entreprises paysagistes","Chef(fe) de projet","","X","","X","X","","","X","X","X","X","X","X","","X","X","1","29640","0"
"73","1254495","31/10/2018 - 12:42","31/10/2018 - 12:42","31/10/2018 - 12:42","0","0.0.0.0","0","Anonymous","ENSP Versailles","","2018","X","","2","Paris","","Agence","","6-10","Entreprises paysagistes","Assistant(e) de projet","","X","","","X","","","X","X","X","X","X","X","X","X","","0","28580","0"
"74","1254523","31/10/2018 - 12:48","31/10/2018 - 12:48","23/11/2018 - 21:14","0","0.0.0.0","0","Anonymous","Gembloux","","2016","X","","2","Suisse","","Bureau d'études","","11-25","Convention  architecte ","Chef(fe) de projet","","X","X","X","X","X","X","X","X","X","X","X","X","X","X","","2","49000","47000"
"75","1254527","31/10/2018 - 12:49","31/10/2018 - 12:49","31/10/2018 - 12:49","0","0.0.0.0","0","Anonymous","ENSP Versailles","","2015","X","","2","Paris","","Agence","","11-25","Entreprises paysagistes","Chargé(e) d'étude débutant","","X","","","X","X","X","X","","","X","X","","","","","2","25000","500"
"76","1254585","31/10/2018 - 13:04","31/10/2018 - 13:04","31/10/2018 - 13:04","0","0.0.0.0","0","Anonymous","ENSP Versailles","","2017","X","","1","Paris","","Agence","","6-10","Code du travail","Assistant(e) de projet","","","","","X","","X","X","X","X","X","X","X","","","","1","26676","0"
"77","1254603","31/10/2018 - 13:08","31/10/2018 - 13:08","31/10/2018 - 13:08","0","0.0.0.0","0","Anonymous","INH","","2016","X","","2","Toulouse","","Public","","51-200","Fonction publique","Autre","Responsable service des espaces verts et sportifs","X","X","X","X","X","X","X","","X","","","","","X","","2","28200","0"
"78","1254764","31/10/2018 - 13:52","31/10/2018 - 13:52","31/10/2018 - 13:52","0","0.0.0.0","0","Anonymous","ENSAPL","","2017","","X","0","Lille","","Agence","","2-5","Entreprises paysagistes","Chef(fe) de projet débutant","","X","","","X","","","X","X","X","X","X","X","X","X","","1","31200","0"
"79","1254819","31/10/2018 - 14:06","31/10/2018 - 14:06","31/10/2018 - 14:06","0","0.0.0.0","0","Anonymous","ENSP Versailles","","2010","","X","8","Autre","La Réunion ","Agence","","6-10","Entreprises paysagistes","Chargé(e) d'étude confirmé","","X","","","X","","","X","X","X","X","X","X","X","X","X","5","37440","500"
"80","1254821","31/10/2018 - 14:06","31/10/2018 - 14:06","31/10/2018 - 14:06","0","0.0.0.0","0","Anonymous","INH","","2011","X","","6","Nantes","","Bureau d'études","","26-50","architecture","Chef(fe) de projet","","","","","X","","","X","X","X","X","X","X","X","X","","5","33750","0"
"81","1254839","31/10/2018 - 14:09","31/10/2018 - 14:09","23/11/2018 - 21:17","0","0.0.0.0","0","Anonymous","ESAJ","","2012","X","","6","Île-de-France","","Maîtrise d'œuvre","","51-200","Entreprises paysagistes","Autre","Chargée d'études de prix","X","","","","","","X","","","","","","","","X","1","36000","0"
"82","1254844","31/10/2018 - 14:10","31/10/2018 - 14:10","31/10/2018 - 14:10","0","0.0.0.0","0","Anonymous","ENSAPL","","2017","","X","1","Lyon","","Agence","","6-10","Entreprise d'architecture","Chargé(e) d'étude débutant","","X","","","X","","","X","X","X","X","","","","","","1","24960","0"
"83","1254868","31/10/2018 - 14:13","31/10/2018 - 14:13","31/10/2018 - 14:13","0","0.0.0.0","0","Anonymous","ENSP Versailles","","2010","","X","8","Autre","La Réunion ","Agence","","6-10","Entreprises paysagistes","Chargé(e) d'étude confirmé","","X","","","X","","","X","X","X","X","X","X","X","X","X","5","39397","37922"
"84","1254869","31/10/2018 - 14:13","31/10/2018 - 14:13","31/10/2018 - 14:13","0","0.0.0.0","0","Anonymous","ENSP Versailles","","2010","","X","8","Autre","La Réunion ","Agence","","6-10","Entreprises paysagistes","Chargé(e) d'étude confirmé","","X","","","X","","","X","X","X","X","X","X","X","X","X","5","39397","37922"
"85","1254870","31/10/2018 - 14:13","31/10/2018 - 14:13","31/10/2018 - 14:13","0","0.0.0.0","0","Anonymous","ENSP Versailles","","2010","","X","8","Autre","La Réunion ","Agence","","6-10","Entreprises paysagistes","Chargé(e) d'étude confirmé","","X","","","X","","","X","X","X","X","X","X","X","X","X","5","39397","37922"
"86","1254905","31/10/2018 - 14:21","31/10/2018 - 14:21","31/10/2018 - 14:21","0","0.0.0.0","0","Anonymous","ENSP Versailles","","2017","X","","1","Paris","","Agence","","6-10","Entreprises paysagistes","Assistant(e) de projet","","","","","X","X","","X","","X","X","X","X","","","","1","26520","0"
"87","1254971","31/10/2018 - 14:34","31/10/2018 - 14:34","31/10/2018 - 14:34","0","0.0.0.0","0","Anonymous","ENSP Versailles","","2017","","X","1","Paris","","Agence","","11-25","Entreprises paysagistes","Chargé(e) d'étude débutant","","","","","","","","","X","X","X","","","","","","1","27300","0"
"88","1255043","31/10/2018 - 14:51","31/10/2018 - 14:51","31/10/2018 - 14:51","0","0.0.0.0","0","Anonymous","ENSP Versailles","","2013","","X","5","Paris","","Agence","","26-50","Convention des architectes","Assistant(e) de projet","","","","","X","","","","","X","X","X","X","X","X","","1","32600","32600"
"89","1255050","31/10/2018 - 14:53","31/10/2018 - 14:53","31/10/2018 - 14:53","0","0.0.0.0","0","Anonymous","ENSP Versailles","","2010","","X","8","Autre","La Réunion ","Agence","","6-10","Bureaux d’études","Chef(fe) de projet","","X","X","X","X","","","X","X","X","X","X","X","X","X","","8","26810","2000"
"90","1255114","31/10/2018 - 15:09","31/10/2018 - 15:09","31/10/2018 - 15:09","0","0.0.0.0","0","Anonymous","Autre","UDEM","2014","","X","2","Canada","","Bureau d'études","","1001-...","Autre","Assistant(e) de projet","","","","","X","X","X","","X","X","X","X","X","","","","2","26200","780"
"91","1255154","31/10/2018 - 15:16","31/10/2018 - 15:16","31/10/2018 - 15:16","0","0.0.0.0","0","Anonymous","ENSP Versailles","","2015","","X","2","Paris","","Conseil","","6-10","Bureaux d'études conseil","Chargé(e) d'étude","","X","","X","X","","X","","","X","","","","X","","X","2","26520","0"
"92","1255155","31/10/2018 - 15:16","31/10/2018 - 15:16","31/10/2018 - 15:16","0","0.0.0.0","0","Anonymous","ENSAPBX","","2015","X","X","2","Autre","Clermont Ferrand ","Agence","","26-50","Entreprises d'architecture ","Assistant(e) de projet","","","","","X","","","","X","X","X","X","","","","","2","26800","1000"
"93","1255166","31/10/2018 - 15:19","31/10/2018 - 15:19","31/10/2018 - 15:19","0","0.0.0.0","0","Anonymous","INH","","2013","X","","4","Lyon","","Agence","","2-5","entreprises d’architecture","Chef(fe) de projet","","X","","X","X","","X","X","X","X","X","X","X","X","","","2","28800","0"
"94","1255167","31/10/2018 - 15:19","31/10/2018 - 15:19","31/10/2018 - 15:19","0","0.0.0.0","0","Anonymous","INH","","2013","X","","4","Lyon","","Agence","","2-5","entreprises d’architecture","Chef(fe) de projet","","X","","X","X","","X","X","X","X","X","X","X","X","","","2","28800","0"
"95","1255240","31/10/2018 - 15:34","31/10/2018 - 15:34","31/10/2018 - 15:34","0","0.0.0.0","0","Anonymous","ENSP Versailles","","2016","X","","2","Autre","Norvège","Agence","","11-25","Entreprises paysagistes","Dessinateur(trice) projeteur","","","","","X","X","X","X","X","X","X","X","X","","X","","2","55000","50000"
"96","1255308","31/10/2018 - 15:47","31/10/2018 - 15:47","23/11/2018 - 21:20","0","0.0.0.0","0","Anonymous","ESAJ","","2013","","X","2","Paris","","Agence","","6-10","Entreprises paysagistes","Assistant(e) d'étude","","","","","X","","","","X","X","X","X","","","","","2","34350","0"
"97","1255629","31/10/2018 - 17:12","31/10/2018 - 17:12","31/10/2018 - 17:12","0","0.0.0.0","0","Anonymous","INH","","2017","X","","1","Nantes","","Maîtrise d'œuvre","","2-5","Entreprises paysagistes","Assistant(e) de projet","","","","","X","","","","X","X","X","X","X","","","","1","21000","0"
"98","1255707","31/10/2018 - 17:35","31/10/2018 - 17:35","31/10/2018 - 17:35","0","0.0.0.0","0","Anonymous","INH","","2012","X","","6","Autre","Maine et Loire","Freelance / Indépendant","","1","Entreprises paysagistes","Directeur(trice) de société","","X","X","X","X","X","","X","","","","","","","X","X","2","23400","0"
"99","1255749","31/10/2018 - 17:48","31/10/2018 - 17:48","31/10/2018 - 17:48","0","0.0.0.0","0","Anonymous","ENSP Versailles","","2013","","X","4","Autre","Cantal","Freelance / Indépendant","","1","Entrepreneure-salariée au sein d'une coopérative d'entrepreneur","Autre","À mon compte","X","","X","X","X","X","X","X","X","X","X","X","X","X","X","2","17976","0"
"100","1255764","31/10/2018 - 17:54","31/10/2018 - 17:54","31/10/2018 - 17:54","0","0.0.0.0","0","Anonymous","INH","","2017","X","","1","Nantes","","Bureau d'études","","11-25","Entreprises paysagistes","Assistant(e) de projet","","X","","","","","","","X","X","X","X","X","X","","","1","25200","0"
"101","1255768","31/10/2018 - 17:55","31/10/2018 - 17:55","31/10/2018 - 17:55","0","0.0.0.0","0","Anonymous","ENSP Versailles","","2010","X","","8","Autre","La reunion","Agence","","6-10","Entreprises paysagistes","Chargé(e) d'étude confirmé","","","","","X","","X","X","X","X","X","X","X","X","X","X","2","33500","33500"
"102","1255834","31/10/2018 - 18:16","31/10/2018 - 18:16","31/10/2018 - 18:16","0","0.0.0.0","0","Anonymous","ENSAPBX","","2017","X","","1","Nantes","","Bureau d'études","","1","Bureau d'architecture","Assistant(e) de projet","","X","","","X","","","","X","X","X","X","X","X","X","","1","21840","0"
"103","1255854","31/10/2018 - 18:23","31/10/2018 - 18:23","23/11/2018 - 21:17","0","0.0.0.0","0","Anonymous","ESAJ","","2005","","X","11","Paris","","Public","","51-200","Fonction publique territoriale ","Chef(fe) de projet","","X","","X","X","","","X","","X","X","X","X","X","X","","7","45200","0"
"104","1255880","31/10/2018 - 18:32","31/10/2018 - 18:32","23/11/2018 - 21:16","0","0.0.0.0","0","Anonymous","ESAJ","","2013","","X","4","Paris","","Bureau d'études","","51-200","SYNTEC","Chef(fe) de projet débutant","","X","","","X","","X","X","","X","X","X","X","X","X","X","4","29500","600"
"105","1255888","31/10/2018 - 18:36","31/10/2018 - 18:36","31/10/2018 - 18:36","0","0.0.0.0","0","Anonymous","ENSP Versailles","","2015","X","","3","Autre","Creuse","Freelance / Indépendant","","1","Entreprises paysagistes","Directeur(trice) de société","","","","","X","","","X","","X","","","","","","","3","15000","12000"
"106","1255927","31/10/2018 - 18:46","31/10/2018 - 18:46","31/10/2018 - 18:46","0","0.0.0.0","0","Anonymous","ENSP Versailles","","2019","X","","0","Île-de-France","","Etudiant","","6-10","Entreprises paysagistes","Chargé(e) d'étude débutant","","","","","X","","","X","X","X","X","","","","","","0","31200","500"
"107","1256192","31/10/2018 - 20:14","31/10/2018 - 20:14","31/10/2018 - 20:14","0","0.0.0.0","0","Anonymous","ENSP Versailles","","2015","","X","2","Lyon","","Agence","","501-1000","Entreprises d'architecture","Dessinateur(trice) projeteur","","","","","X","","","","X","X","X","X","X","X","","","2","26400","0"
"108","1256203","31/10/2018 - 20:21","31/10/2018 - 20:21","03/11/2018 - 17:35","0","0.0.0.0","0","Anonymous","INH","","2010","","X","8","Toulouse","","Bureau d'études","","201-500","Syntec","Chargé(e) d'étude confirmé","","X","","","X","X","","X","","X","X","X","X","X","X","","8","31000","300"
"109","1256323","31/10/2018 - 21:22","31/10/2018 - 21:22","31/10/2018 - 21:22","0","0.0.0.0","0","Anonymous","ENSP Marseille","","2012","X","","6","Allemagne","","Agence","","26-50","Entreprises paysagistes","Chef(fe) de projet","","X","","X","X","","X","X","","","X","X","X","X","X","","6","31200","0"
"110","1256425","31/10/2018 - 22:21","31/10/2018 - 22:21","23/11/2018 - 21:13","0","0.0.0.0","0","Anonymous","Gembloux","","2017","","X","1","Île-de-France","","Bureau d'études","","51-200","Entreprises paysagistes","Chargé(e) d'étude","","X","","","X","X","","","X","X","X","X","X","","","","1","32000","0"
"111","1256447","31/10/2018 - 22:33","31/10/2018 - 22:33","31/10/2018 - 22:33","0","0.0.0.0","0","Anonymous","ENSNP","","2017","","X","1","Nantes","","Bureau d'études","","51-200","Syntec","Chargé(e) d'étude","","X","","","X","","X","X","","X","","","","","","X","0","26400","0"
"112","1256455","31/10/2018 - 22:41","31/10/2018 - 22:41","03/11/2018 - 17:35","0","0.0.0.0","0","Anonymous","ENSP Versailles","","2013","","X","4","Rennes","","Public","","51-200","fonction publique","Chargé(e) d'étude","","X","","","","X","X","X","","X","X","","","X","","","2","29700","0"
"113","1256508","31/10/2018 - 23:16","31/10/2018 - 23:16","31/10/2018 - 23:16","0","0.0.0.0","0","Anonymous","INH","","2006","X","","12","Autre","","Agence","","2-5","Syntec","Chef(fe) de projet","","X","","X","X","X","X","X","X","X","X","X","X","X","X","","12","42000","500"
"114","1256567","01/11/2018 - 00:46","01/11/2018 - 00:46","03/11/2018 - 17:36","0","0.0.0.0","0","Anonymous","Autre","BTS design d'espace","2013","","X","2","Suisse","","Freelance / Indépendant","","2-5","Architecture du paysage Suisse","Chargé(e) d'étude","","","","","","","X","","X","","X","X","","","","","0","22000","0"
"115","1256569","01/11/2018 - 00:47","01/11/2018 - 00:47","01/11/2018 - 00:47","0","0.0.0.0","0","Anonymous","ENSP Versailles","","1998","X","","15","Île-de-France","","Maîtrise d'œuvre","","11-25","Entreprises paysagistes","Autre","","","","","","","","X","X","","","","X","","X","","15","31200","500"
"116","1256731","01/11/2018 - 08:06","01/11/2018 - 08:06","01/11/2018 - 08:06","0","0.0.0.0","0","Anonymous","INH","","2017","","X","2","Lyon","","Groupe","","501-1000","Entreprises paysagistes","Autre","Aide CDT","X","","X","","X","","X","","","","","","","X","X","1","28000","500"
"117","1256764","01/11/2018 - 08:40","01/11/2018 - 08:40","01/11/2018 - 08:40","0","0.0.0.0","0","Anonymous","ENSP Versailles","","2018","","X","1","Paris","","Agence","","11-25","Entreprises architecture ","Assistant(e) de projet","","","","","X","","X","X","","X","X","X","","","X","","0","28080","0"
"118","1256806","01/11/2018 - 09:10","01/11/2018 - 09:10","01/11/2018 - 09:10","0","0.0.0.0","0","Anonymous","INH","","2013","X","","5","Île-de-France","","Bureau d'études","","11-25","Syntec","Chef(fe) de projet","","","","","","","","","","X","X","X","X","X","X","","1","36380","0"
"119","1256844","01/11/2018 - 09:27","01/11/2018 - 09:27","01/11/2018 - 09:27","0","0.0.0.0","0","Anonymous","Autre","CS ccp","2017","","X","5","Toulouse","","Agence","","11-25","Entreprises paysagistes","Chargé(e) d'étude","","X","X","X","X","X","X","","","","","","","","X","X","1","28000","200"
"120","1256993","01/11/2018 - 10:26","01/11/2018 - 10:26","01/11/2018 - 10:26","0","0.0.0.0","0","Anonymous","ENSP Versailles","","2015","","X","3","Marseille - Aix-en-Provence","","Bureau d'études","","11-25","Entreprises paysagistes","Chef(fe) de projet","","X","","","X","","","X","","X","X","X","X","X","","","0","30000","20000"
"121","1257033","01/11/2018 - 10:44","01/11/2018 - 10:44","01/11/2018 - 10:44","0","0.0.0.0","0","Anonymous","ENSP Versailles - Formation continue","","2016","","X","3","Lyon","","Maîtrise d'œuvre","","6-10","Entreprise d'architecture","Chef(fe) de projet débutant","","","","","X","","","","X","X","X","X","","","","","2","26520","600"
"122","1257061","01/11/2018 - 10:56","01/11/2018 - 10:56","01/11/2018 - 10:56","0","0.0.0.0","0","Anonymous","ENSNP","","2017","X","","1","Autre","Irlande","Agence","","11-25","Entreprises paysagistes","Chargé(e) d'étude débutant","","","","","X","X","","X","","","X","X","X","","X","X","1","28000","500"
"123","1257113","01/11/2018 - 11:20","01/11/2018 - 11:20","01/11/2018 - 11:20","0","0.0.0.0","0","Anonymous","ENSNP","","2014","X","","4","Paris","","Maîtrise d'œuvre","","6-10","Entreprises architecture","Chef(fe) de projet débutant","","X","X","X","X","","X","","X","X","X","X","X","","","X","3","33000","0"
"124","1257146","01/11/2018 - 11:31","01/11/2018 - 11:31","01/11/2018 - 11:31","0","0.0.0.0","0","Anonymous","ENSAPBX","","2018","X","","1","Bordeaux","","Agence","","2-5","Entreprises paysagistes","Chef(fe) de projet débutant","","","","","X","","","X","X","X","X","X","","X","","X","1","22620","0"
"125","1257315","01/11/2018 - 13:14","01/11/2018 - 13:14","01/11/2018 - 13:14","0","0.0.0.0","0","Anonymous","ENSP Marseille","","2017","","X","1","Marseille - Aix-en-Provence","","Freelance / Indépendant","","1","Entreprises paysagistes","Chef(fe) de projet débutant","","X","","","X","","","X","X","X","X","X","X","X","X","X","1","15000","500"
"126","1257449","01/11/2018 - 14:37","01/11/2018 - 14:37","03/11/2018 - 17:33","0","0.0.0.0","0","Anonymous","ENSAPL","","2016","X","","2","Autre","Compiègne","Bureau d'études","","11-25","Syntec ","Directeur(trice) d'agence","","X","X","X","X","","","X","X","X","X","X","X","","X","X","2","50004","800"
"127","1257508","01/11/2018 - 15:03","01/11/2018 - 15:03","01/11/2018 - 15:03","0","0.0.0.0","0","Anonymous","INH","","2017","","X","1","Suisse","","Bureau d'études","","26-50","Entreprises paysagistes, entreprises d'architecture","Chef(fe) de projet débutant","","X","","","","","","","","","X","X","","","","","1","55000","0"
"128","1257700","01/11/2018 - 16:39","01/11/2018 - 16:39","01/11/2018 - 16:39","0","0.0.0.0","0","Anonymous","ENSP Versailles","","2017","X","","0","Paris","","Agence","","11-25","Entreprises d'architecture ","Chargé(e) d'étude débutant","","X","","X","X","","X","X","","X","","","","","","","0","28860","0"
"129","1257729","01/11/2018 - 16:47","01/11/2018 - 16:47","01/11/2018 - 16:47","0","0.0.0.0","0","Anonymous","ENSAPBX","","2018","","X","0","Rennes","","Autre","entreprise de travaux paysagers et piscine","11-25","Entreprises paysagistes","Chargé(e) d'étude débutant","","X","","","X","","","","","X","","","","","","","0","20400","0"
"130","1257900","01/11/2018 - 17:58","01/11/2018 - 17:58","01/11/2018 - 17:58","0","0.0.0.0","0","Anonymous","ENSNP","","2017","X","","1","Île-de-France","","Agence","","6-10","entreprises d’architecture","Chargé(e) d'étude","","","","X","X","","X","X","","","","","","","","","1","32760","0"
"131","1258027","01/11/2018 - 18:46","01/11/2018 - 18:46","01/11/2018 - 18:46","0","0.0.0.0","0","Anonymous","Autre","Bac pro paysager et niveau BTS aménagement d'espace vert.","2001","X","","19","Autre","Essonne","Autre","PME","11-25","Entreprises paysagistes","Autre","Chef de chantiers Tam 1","","","X","","","","X","","","","","","","X","","2","22200","22000"
"132","1258041","01/11/2018 - 18:51","01/11/2018 - 18:51","01/11/2018 - 18:51","0","0.0.0.0","0","Anonymous","ENSP Marseille","","2015","","X","2","Paris","","Public","","51-200","fonction publique","Chargé(e) d'étude","","X","","X","X","","X","","X","","","","","","","","1","31200","26500"
"133","1258182","01/11/2018 - 19:36","01/11/2018 - 19:36","03/11/2018 - 17:36","0","0.0.0.0","0","Anonymous","ENSAPBX","","2015","","X","2","Autre","Pays Bas","Agence","","11-25","Entreprises paysagistes","Assistant(e) de projet","","","","","X","","","","X","X","X","","","","","","1","26700","16000"
"134","1258499","01/11/2018 - 23:00","01/11/2018 - 23:00","01/11/2018 - 23:00","0","0.0.0.0","0","Anonymous","INH","","2014","","X","2","Île-de-France","","Bureau d'études","","51-200","Entreprises paysagistes","Assistant(e) de projet","","X","","","","","","","X","X","","","","","","","1","34320","31200"
"135","1258541","01/11/2018 - 23:57","01/11/2018 - 23:57","01/11/2018 - 23:57","0","0.0.0.0","0","Anonymous","ENSAPL","","2018","X","","0","Paris","","Agence","","6-10","Entreprises paysagistes","Autre","Stage ""de professionalisation""","","","","X","","X","X","","X","","","","","","","0","24960","0"
"136","1258701","02/11/2018 - 08:16","02/11/2018 - 08:16","02/11/2018 - 08:16","0","0.0.0.0","0","Anonymous","Autre","Bts aménagements paysagers spécialisé conception","2008","","X","10","Autre","Perpignan","Autre","Espaces verts ","11-25","Entreprises paysagistes","Chargé(e) d'étude confirmé","","X","X","X","X","","X","X","","X","X","X","X","X","X","X","4","28200","20400"
"137","1259268","02/11/2018 - 12:09","02/11/2018 - 12:09","02/11/2018 - 12:09","0","0.0.0.0","0","Anonymous","ENSP Versailles","","2018","X","","1","Autre","CAEN","Maîtrise d'œuvre","","11-25","Géomètre ","Chargé(e) d'étude débutant","","X","","","X","","","X","","X","X","X","X","","","","0","27000","0"
"138","1259522","02/11/2018 - 14:06","02/11/2018 - 14:06","02/11/2018 - 14:06","0","0.0.0.0","0","Anonymous","ENSAPL","","2016","","X","2","Paris","","Agence","","11-25","Entreprises d'architecture","Assistant(e) de projet","","X","","","X","X","","","X","X","X","X","X","X","X","X","1","31200","0"
"139","1259698","02/11/2018 - 15:05","02/11/2018 - 15:05","02/11/2018 - 15:05","0","0.0.0.0","0","Anonymous","ENSP Versailles","","2013","X","","4","Autre","PAU","Agence","","1","Entreprises paysagistes","Directeur(trice) d'agence","","X","X","X","X","X","X","X","X","X","X","X","X","X","X","X","2","26000","15000"
"140","1260125","02/11/2018 - 16:56","02/11/2018 - 16:56","02/11/2018 - 16:56","0","0.0.0.0","0","Anonymous","ENSAPL","","2014","","X","3","Lille","","Maîtrise d'œuvre","","6-10","Entreprises d architecture ","Chef(fe) de projet débutant","","","","","X","","X","X","X","X","X","X","X","X","X","","2","26400","500"
"141","1260160","02/11/2018 - 17:12","02/11/2018 - 17:12","03/11/2018 - 17:37","0","0.0.0.0","0","Anonymous","ENSNP","","2013","","X","4","Lyon","","Agence","","11-25","Entreprises d'architecture","Chef(fe) de projet","","X","X","","X","X","X","X","X","X","X","X","X","X","X","","0","31200","500"
"142","1260428","02/11/2018 - 18:47","02/11/2018 - 18:47","02/11/2018 - 18:47","0","0.0.0.0","0","Anonymous","ENSP Versailles","","2015","X","","2","Toulouse","","Agence","","2-5","Entreprises d'architecture et de paysage (2 agences)","Chef(fe) de projet débutant","","X","","","X","","X","X","X","X","X","X","","","","","1","23400","23400"
"143","1260692","02/11/2018 - 21:30","02/11/2018 - 21:30","23/11/2018 - 21:15","0","0.0.0.0","0","Anonymous","Lullier","","2016","","X","2","Lyon","","Agence","","6-10","Entreprises paysagistes","Chargé(e) d'étude débutant","","X","","X","X","","X","X","X","X","X","X","X","X","X","","2","25900","0"
"144","1260884","03/11/2018 - 00:25","03/11/2018 - 00:25","03/11/2018 - 00:25","0","0.0.0.0","0","Anonymous","INH","","2017","X","","1","Île-de-France","","Bureau d'études","","51-200","Syntec","Chargé(e) d'étude","","X","","","","","","","","","","","","","","","1","28000","0"
"145","1261031","03/11/2018 - 08:56","03/11/2018 - 08:56","03/11/2018 - 08:56","0","0.0.0.0","0","Anonymous","Autre","En sa Nantes","2015","X","","3","Nantes","","Agence","","6-10","Entreprises d’architecture","Chargé(e) d'étude","","","","","X","","X","","X","X","X","X","X","X","X","X","2","25200","500"
"146","1261237","03/11/2018 - 10:48","03/11/2018 - 10:48","03/11/2018 - 10:48","0","0.0.0.0","0","Anonymous","ENSP Versailles","","2012","X","","4","Autre","Finlande","Agence","","11-25","Entreprises paysagistes","Chargé(e) d'étude confirmé","","","","","X","","","","X","X","X","X","X","","","","1","54800","0000"
"147","1261350","03/11/2018 - 11:56","03/11/2018 - 11:56","23/11/2018 - 21:13","0","0.0.0.0","0","Anonymous","Gembloux","","2015","X","","3","Autre","Lorraine","Agence","","2-5","Entreprises d'architecture","Assistant(e) de projet","","X","","","X","X","X","X","","X","X","X","X","X","X","X","2","22742","22742"
"148","1261756","03/11/2018 - 15:42","03/11/2018 - 15:42","03/11/2018 - 15:42","0","0.0.0.0","0","Anonymous","ENSAPBX","","2014","","X","2","Autre","ROUEN","Autre","Entreprise espaces verts","26-50","Entreprises paysagistes","Chargé(e) d'étude","","X","","X","X","","X","","","X","X","X","X","X","X","X","1","31200","0"
"149","1264059","04/11/2018 - 18:52","04/11/2018 - 18:52","04/11/2018 - 18:52","0","0.0.0.0","0","Anonymous","ENSAPL","","2016","X","","2","Rennes","","Agence","","2-5","Entreprises paysagistes","Assistant(e) de projet","","X","","","X","","","","X","X","X","X","X","X","","","2","22984","0"
"150","1264765","04/11/2018 - 22:49","04/11/2018 - 22:49","04/11/2018 - 22:49","0","0.0.0.0","0","Anonymous","INH","","2018","X","","1","Bordeaux","","Autre","Entreprise travaux ","1001-...","Entreprises paysagistes","Autre","Conducteur de travaux ","X","X","X","","","","X","","","","","","","X","X","3","34200","209"
"154","1265371","05/11/2018 - 08:55","05/11/2018 - 08:55","05/11/2018 - 08:55","0","0.0.0.0","0","Anonymous","INH","","2009","X","","10","Nantes","","Agence","","11-25","Syntec","Chef(fe) de projet","","X","","X","X","","X","X","X","X","X","X","X","","","X","5","33000","500"
"155","1270239","05/11/2018 - 21:39","05/11/2018 - 21:39","05/11/2018 - 21:39","0","0.0.0.0","0","Anonymous","ENSAPBX","","2006","","X","12","Lyon","","Public","","26-50","fonction publique territoriale","Autre","Chargé de mission urbanisme et paysage","X","X","","X","","X","","","","","","","X","","","8","31200","0"
"156","1270311","05/11/2018 - 21:55","05/11/2018 - 21:55","05/11/2018 - 21:55","0","0.0.0.0","0","Anonymous","ENSP Versailles","","2017","X","","1","Autre","La Réunion ","Bureau d'études","","6-10","Entreprises paysagistes, urbanistes et ingénieurs HQE bâtiment ","Chargé(e) d'étude","","","","","X","","X","X","","X","X","X","X","","","","1","26520","1800"
"157","1270369","05/11/2018 - 22:10","05/11/2018 - 22:10","05/11/2018 - 22:10","0","0.0.0.0","0","Anonymous","ENSP Versailles","","2016","X","","2","Nantes","","Agence","","2-5","Entreprises d'architecture","Chef(fe) de projet débutant","","X","","","X","X","","X","X","X","X","X","X","X","","","1","27300","0"
"158","1270896","06/11/2018 - 07:03","06/11/2018 - 07:03","06/11/2018 - 07:03","0","0.0.0.0","0","Anonymous","INH","","2014","X","","3","Autre","Brest ","Agence","","2-5","Entreprise architecture","Chargé(e) d'étude","","","","","X","","X","X","X","X","X","X","X","X","","","1","20500","0"
"159","1271040","06/11/2018 - 08:09","06/11/2018 - 08:09","06/11/2018 - 08:09","0","0.0.0.0","0","Anonymous","ENSAPBX","","2018","","X","0","Autre","Avignon","Bureau d'études","","2-5","Entreprises paysagistes","Chargé(e) d'étude débutant","","","","","X","X","X","X","","X","X","","","","","","0","25850","0"
"164","1273066","06/11/2018 - 12:49","06/11/2018 - 12:49","06/11/2018 - 12:49","0","0.0.0.0","0","Anonymous","Autre","Master Landscape Architecture","2013","","X","4","Angleterre","","Bureau d'études","","11-25","Aucune","Chargé(e) d'étude","","X","","X","X","","X","X","","","X","X","X","X","X","X","3","37800","0"
"165","1273582","06/11/2018 - 14:05","06/11/2018 - 14:05","06/11/2018 - 14:05","0","0.0.0.0","0","Anonymous","INH","","2015","X","","2","Autre","Vendée","Autre","Entreprise travaux","26-50","Entreprises paysagistes","Chargé(e) d'étude débutant","","X","","","","","","","","","","","","","X","X","2","31200","500"
"166","1273594","06/11/2018 - 14:08","06/11/2018 - 14:08","06/11/2018 - 14:08","0","0.0.0.0","0","Anonymous","INH","","2015","X","","2","Autre","Vendée","Autre","Entreprise travaux","26-50","Entreprises paysagistes","Chargé(e) d'étude débutant","","X","","X","","","","","","","","","","","X","X","2","28512","2000"
"167","1276199","06/11/2018 - 22:15","06/11/2018 - 22:15","06/11/2018 - 22:15","0","0.0.0.0","0","Anonymous","Autre","Ingénieur en architecture du paysage HEPIA","2008","","X","10","Nantes","","Agence","","201-500","Syntec","Chef(fe) de projet confirmé","","X","","X","X","X","","X","X","X","X","X","X","X","","X","1","41000","0"
"168","1276254","06/11/2018 - 22:31","06/11/2018 - 22:31","06/11/2018 - 22:31","0","0.0.0.0","0","Anonymous","INH","","2012","","X","5","Nantes","","Bureau d'études","","201-500","Syntec","Chargé(e) d'étude","","X","","","X","","","","","X","X","X","X","X","X","","4","25000","0"
"169","1276394","06/11/2018 - 23:05","06/11/2018 - 23:05","06/11/2018 - 23:05","0","0.0.0.0","0","Anonymous","ENSNP","","2012","X","","4","Nantes","","Agence","","6-10","Entreprises d’architecture ","Chargé(e) d'étude","","","","","X","","","X","X","X","X","X","X","X","X","","2","27000","500"
"170","1276880","07/11/2018 - 08:55","07/11/2018 - 08:55","07/11/2018 - 08:55","0","0.0.0.0","0","Anonymous","INH","","2009","X","","9","Strasbourg","","Public","","1001-...","fonction publique ","Chef(fe) de projet","","X","","X","X","X","X","X","","X","X","X","X","X","X","","5","32000","0"
"171","1281469","07/11/2018 - 21:34","07/11/2018 - 21:34","07/11/2018 - 21:34","0","0.0.0.0","0","Anonymous","ENSAPL","","2012","X","","5","Nantes","","Bureau d'études","","11-25","bureau etudes techniques","Chargé(e) d'étude","","X","","","X","","X","X","","X","X","X","X","X","X","","1","28800","0"
"172","1281480","07/11/2018 - 21:36","07/11/2018 - 21:36","07/11/2018 - 21:36","0","0.0.0.0","0","Anonymous","ENSAPL","","2016","X","","1","Autre","Compiègne","Bureau d'études","","6-10","Syntec","Chargé(e) d'étude","","","X","X","X","","","X","X","X","X","X","X","","X","X","1","31150","2400"
"174","1281568","07/11/2018 - 21:56","07/11/2018 - 21:56","07/11/2018 - 21:56","0","0.0.0.0","0","Anonymous","ENSAPL","","2017","X","","1","Paris","","Agence","","6-10","Entreprises paysagistes","Assistant(e) de projet","","X","X","X","X","","","X","X","","X","X","X","","X","","1","29640","0"
"175","1284657","08/11/2018 - 13:51","08/11/2018 - 13:51","08/11/2018 - 13:51","0","0.0.0.0","0","Anonymous","ENSAPBX","","2016","","X","2","Lyon","","Bureau d'études","","11-25","Entreprises paysagistes","Chargé(e) d'étude","","X","","","X","","","X","X","X","X","X","X","X","X","","2","31200","000"
"176","1292917","10/11/2018 - 10:58","10/11/2018 - 10:58","10/11/2018 - 10:58","0","0.0.0.0","0","Anonymous","ENSAPL","","2017","","X","1","Nice","","Public","","1001-...","Entreprises paysagistes","Chef(fe) de projet","","X","","X","X","","X","X","","X","X","X","X","","X","X","1","31000","0"
"177","1294372","10/11/2018 - 21:14","10/11/2018 - 21:14","10/11/2018 - 21:14","0","0.0.0.0","0","Anonymous","INH","","2011","X","","7","Autre","Béziers","Public","","1001-...","fonction publique","Directeur(trice) d'agence","","X","X","X","X","X","X","X","","X","X","X","X","X","X","","4","40000","850"
"178","1294613","11/11/2018 - 00:45","11/11/2018 - 00:45","11/11/2018 - 00:45","0","0.0.0.0","0","Anonymous","ENSAPBX","","2015","X","","2","Autre","La Rochelle","Agence","","6-10","Entreprises d’architecture ","Chargé(e) d'étude","","","","","","","","X","X","X","X","X","X","X","","","2","24500","600"
"179","1294665","11/11/2018 - 06:27","11/11/2018 - 06:27","11/11/2018 - 06:27","0","0.0.0.0","0","Anonymous","INH","","2016","","X","2","Paris","","Bureau d'études","","11-25","Entreprises paysagistes","Chef(fe) de projet","","X","","X","X","X","X","X","","X","X","X","X","","X","X","1","21000","0"
"180","1294694","11/11/2018 - 08:19","11/11/2018 - 08:19","11/11/2018 - 08:19","0","0.0.0.0","0","Anonymous","INH","","2016","X","","2","Autre","creuse","Freelance / Indépendant","","1","Entreprises paysagistes","Chef(fe) de projet","","X","","","X","X","X","X","X","X","X","X","X","X","","X","1","25000","0"
"181","1294704","11/11/2018 - 08:25","11/11/2018 - 08:25","11/11/2018 - 08:25","0","0.0.0.0","0","Anonymous","INH","","2017","X","","1","Autre","Narbonne","Agence","","2-5","Entreprises paysagistes, entreprises d'architecture","Dessinateur(trice) projeteur","","","","","X","","X","X","X","X","X","X","X","","","","1","21600","0"
"182","1295060","11/11/2018 - 11:29","11/11/2018 - 11:29","11/11/2018 - 11:29","0","0.0.0.0","0","Anonymous","INH","","2018","X","","0","Autre","Normandie","Public","","51-200","Fonction publique","Chargé(e) d'étude débutant","","X","","","X","","","X","","X","","","","","","","0","17982","0"
"183","1295065","11/11/2018 - 11:32","11/11/2018 - 11:32","11/11/2018 - 11:32","0","0.0.0.0","0","Anonymous","INH","","2016","X","","2","Autre","Pas de Calais ","Public","","51-200","Établissement public","Chargé(e) d'étude","","X","","","X","X","X","X","","X","X","X","X","X","X","","1","25200","0"
"184","1295328","11/11/2018 - 13:49","11/11/2018 - 13:49","11/11/2018 - 13:49","0","0.0.0.0","0","Anonymous","ENSP Marseille","","2018","","X","0","Lyon","","Agence","","11-25","Entreprises paysagistes","Chargé(e) d'étude débutant","","X","","","X","","X","X","X","X","X","X","X","X","","","0","26000","0"
"185","1297505","12/11/2018 - 07:38","12/11/2018 - 07:38","12/11/2018 - 07:38","0","0.0.0.0","0","Anonymous","INH","","2016","X","","2","Nantes","","Agence","","11-25","Code du travail","Chargé(e) d'étude","","","","","X","","X","X","X","X","X","X","X","X","X","","2","34800","700"
"186","1300267","12/11/2018 - 12:31","12/11/2018 - 12:31","17/11/2018 - 10:27","0","0.0.0.0","0","Anonymous","INH","","2017","","X","1","Paris","","Public","","1001-...","Fonction publique","Autre","Adjointe à la cheffe de la Division Expertise Sol Vegetal","X","","X","","X","X","","","","","","","","","","1","34000","0"
"187","1301081","12/11/2018 - 14:24","12/11/2018 - 14:24","12/11/2018 - 14:24","0","0.0.0.0","0","Anonymous","ENSP Marseille","","2017","X","","1","Lyon","","Agence","","2-5","Entreprises paysagistes","Chef(fe) de projet débutant","","X","","","X","","","X","X","X","X","X","X","","","","1","27300","0"
"188","1303528","12/11/2018 - 19:07","12/11/2018 - 19:07","12/11/2018 - 19:07","0","0.0.0.0","0","Anonymous","ENSP Versailles","","2017","","X","2","Paris","","Agence","","26-50","Entreprises d'architecture","Assistant(e) de projet","","X","X","","X","X","","","X","X","X","X","X","X","X","","1","25430","120"
"190","1304714","12/11/2018 - 22:39","12/11/2018 - 22:39","23/11/2018 - 21:14","0","0.0.0.0","0","Anonymous","Lullier","","2010","","X","8","Strasbourg","","Bureau d'études","","51-200","Entreprises paysagistes","Chargé(e) d'étude","","X","","X","X","X","","X","","","","","","","","X","2","36500","2000"
"191","1305073","13/11/2018 - 06:48","13/11/2018 - 06:48","13/11/2018 - 06:48","0","0.0.0.0","0","Anonymous","INH","","2014","X","","4","Strasbourg","","Public","","11-25","Entreprises paysagistes","Autre","","X","X","X","X","X","","","","","","","","","","","2","26500","0"
"193","1306687","13/11/2018 - 11:50","13/11/2018 - 11:50","13/11/2018 - 11:50","0","0.0.0.0","0","Anonymous","INH","","2017","X","","1","Lyon","","Conseil","","11-25","CAUE","Chargé(e) d'étude","","","","X","X","","X","X","","","","","","","","","0","34000","0"
"194","1310355","13/11/2018 - 21:37","13/11/2018 - 21:37","13/11/2018 - 21:37","0","0.0.0.0","0","Anonymous","INH","","2013","X","","4","Autre","Limoges","Bureau d'études","","26-50","Entreprises paysagistes","Chef(fe) de projet","","X","","X","","","","X","","","","","","","","","1","26832","1000"
"196","1312464","14/11/2018 - 11:56","14/11/2018 - 11:56","23/11/2018 - 21:15","0","0.0.0.0","0","Anonymous","ITIAPE - ISA Lille","","2016","","X","4","Nantes","","Autre","Entreprise Privée","6-10","Entreprises paysagistes","Chargé(e) d'étude confirmé","","X","","X","X","X","X","X","","X","X","X","","","X","X","1","27990","800"
"197","1320246","15/11/2018 - 18:07","15/11/2018 - 18:07","15/11/2018 - 18:07","0","0.0.0.0","0","Anonymous","Autre","Master","2008","X","","10","Île-de-France","","Freelance / Indépendant","","1","Entreprises paysagistes","Chargé(e) d'étude confirmé","","X","","","X","","","","X","X","X","X","X","X","","","5","31200","24000"
"198","1328639","18/11/2018 - 09:00","18/11/2018 - 09:00","18/11/2018 - 09:00","0","0.0.0.0","0","Anonymous","ENSP Versailles","","2016","X","","2","Île-de-France","","Public","","2-5","Fonction publique","Chargé(e) d'étude débutant","","X","X","X","X","","X","X","","","","","","","","","1","35100","0"
"199","1331865","19/11/2018 - 08:52","19/11/2018 - 08:52","19/11/2018 - 08:52","0","0.0.0.0","0","Anonymous","ESAJ","","1983","","X","33","Île-de-France","","Public","","1001-...","Fonction publique","Chargé(e) d'étude","","","","X","X","","X","","","X","X","X","X","","X","","30","37130","2000"
"200","1331875","19/11/2018 - 08:54","19/11/2018 - 08:54","19/11/2018 - 08:54","0","0.0.0.0","0","Anonymous","ENSAPL","","2018","","X","1","Île-de-France","","Agence","","11-25","Agence architecte paysagistes","Chargé(e) d'étude débutant","","","","","X","","X","X","","X","X","","","","","","0","28060","400"
"201","1331979","19/11/2018 - 09:13","19/11/2018 - 09:13","19/11/2018 - 09:13","0","0.0.0.0","0","Anonymous","Autre","Tecomah","2014","X","","4","Île-de-France","","Autre","Entreprise de paysage","11-25","Entreprises paysagistes","Chargé(e) d'étude","","X","","X","X","X","","X","","","","","","","X","X","4","31000","150"
"202","1331983","19/11/2018 - 09:14","19/11/2018 - 09:14","19/11/2018 - 09:14","0","0.0.0.0","0","Anonymous","Autre","Brevet de technicien option espace vert","1981","X","","38","Paris","","Public","","1001-...","Fonctionnaire","Chef(fe) de projet confirmé","","X","","X","X","","X","X","","X","X","X","X","X","X","","38","55800","0"
"203","1332055","19/11/2018 - 09:21","19/11/2018 - 09:21","19/11/2018 - 09:21","0","0.0.0.0","0","Anonymous","Autre","Licence pro aménagement du paysage","2013","","X","5","Autre","Cholet","Public","","51-200","Fonction publique","Chargé(e) d'étude","","X","","","X","","X","X","","X","X","X","X","X","","","4","24960","500"
"204","1332554","19/11/2018 - 10:22","19/11/2018 - 10:22","19/11/2018 - 10:22","0","0.0.0.0","0","Anonymous","ENSP Versailles","","2017","X","","1","Paris","","Agence","","2-5","Entreprises paysagistes","Chef(fe) de projet débutant","","","","","X","X","","X","X","X","X","X","X","X","X","","1","25016","1800"
"205","1332906","19/11/2018 - 11:11","19/11/2018 - 11:11","19/11/2018 - 11:11","0","0.0.0.0","0","Anonymous","ENSAPBX","","2014","X","","2","Bordeaux","","Agence","","26-50","Entreprises architectes","Dessinateur(trice) projeteur","","","","","","","","","","","","X","X","X","","","1","27768","0"
"206","1333336","19/11/2018 - 11:56","19/11/2018 - 11:56","19/11/2018 - 11:56","0","0.0.0.0","0","Anonymous","ENSP Versailles","","2015","","X","2","Paris","","Agence","","2-5","Entreprises paysagistes","Chef(fe) de projet débutant","","X","","X","X","","X","X","X","X","X","X","X","X","X","","2","29640","0"
"207","1333616","19/11/2018 - 12:37","19/11/2018 - 12:37","19/11/2018 - 12:37","0","0.0.0.0","0","Anonymous","ENSAPBX","","2011","X","","7","Toulouse","","Agence","","2-5","Entreprises d'architecture","Chef(fe) de projet confirmé","","X","","","X","X","","X","X","X","X","X","X","X","X","","7","21100","500"
"208","1333885","19/11/2018 - 13:26","19/11/2018 - 13:26","19/11/2018 - 13:26","0","0.0.0.0","0","Anonymous","ENSP Versailles","","2012","X","","6","Paris","","Agence","","2-5","Entreprises d'architecture","Chef(fe) de projet","","X","","X","X","X","X","X","X","X","X","X","X","X","X","X","2","25500","0"
"209","1334680","19/11/2018 - 15:18","19/11/2018 - 15:18","19/11/2018 - 15:18","0","0.0.0.0","0","Anonymous","ENSAPBX","","2016","X","","2","Bordeaux","","Bureau d'études","","2-5","Entreprises paysagistes","Chargé(e) d'étude","","X","","X","X","X","X","X","","","","","","","","X","4","23400","500"
"210","1336340","19/11/2018 - 19:17","19/11/2018 - 19:17","19/11/2018 - 19:17","0","0.0.0.0","0","Anonymous","Autre","Licence pro infographie","2012","X","","6","Rennes","","Autre","Pme","6-10","Entreprises paysagistes","Autre","Assistance global","X","X","X","X","X","X","","","X","","","","","X","X","6","29000","0"
"211","1336544","19/11/2018 - 20:03","19/11/2018 - 20:03","19/11/2018 - 20:03","0","0.0.0.0","0","Anonymous","INH","","2015","","X","2","Toulouse","","Bureau d'études","","11-25","Syntec","Chef(fe) de projet","","X","","X","X","X","","X","X","","","","","","","","2","25000","0"
"212","1336978","19/11/2018 - 21:19","19/11/2018 - 21:19","19/11/2018 - 21:19","0","0.0.0.0","0","Anonymous","Lullier","","2015","","X","2","Suisse","","Autre","Garden centre avec design fleuriste et paysagiste ","26-50","Entreprises paysagistes","Autre","Responsable de vente plantes","","X","X","","","","","","","","","","","","X","1","40000","700"
"213","1337076","19/11/2018 - 21:35","19/11/2018 - 21:35","19/11/2018 - 21:35","0","0.0.0.0","0","Anonymous","ESAJ","","2008","","X","10","Île-de-France","","Public","","51-200","Fonction publique ","Autre","Chef de service","X","X","X","X","X","X","X","","X","X","X","X","X","X","X","8","35000","5000"
"214","1337094","19/11/2018 - 21:38","19/11/2018 - 21:38","19/11/2018 - 21:38","0","0.0.0.0","0","Anonymous","ENSAPBX","","2017","X","","1","Autre","Rouen","Bureau d'études","","26-50","Bureau d'études techniques","Chargé(e) d'étude débutant","","X","","","X","X","X","X","X","X","X","X","","X","","X","1","24000","500"
"215","1337273","19/11/2018 - 22:02","19/11/2018 - 22:02","19/11/2018 - 22:02","0","0.0.0.0","0","Anonymous","ENSP Versailles","","2015","","X","0","Autre","Montpellier","Autre","conception (particuliers) et réalisation (chantiers publics)","26-50","convention collective du paysage","Chargé(e) d'étude","","X","","","X","","","X","","X","","","","","X","","0","24000","50"
"216","1337588","19/11/2018 - 23:14","19/11/2018 - 23:14","19/11/2018 - 23:14","0","0.0.0.0","0","Anonymous","ENSAPBX","","2018","X","","1","Bordeaux","","Agence","","6-10","Entreprises paysagistes","Assistant(e) de projet","","X","","","","","","","","X","X","X","","","","","066","25000","800"
"217","1339904","20/11/2018 - 12:33","20/11/2018 - 12:33","20/11/2018 - 12:33","0","0.0.0.0","0","Anonymous","ENSAPBX","","2003","","X","15","Bordeaux","","Freelance / Indépendant","","1","entreprises paysagistes","Directeur(trice) d'agence","","X","","","X","X","X","X","X","X","X","X","X","X","X","X","10","30000","2000"
"218","1339950","20/11/2018 - 12:43","20/11/2018 - 12:43","20/11/2018 - 12:43","0","0.0.0.0","0","Anonymous","ITIAPE - ISA Lille","","2010","","X","8","Nantes","","Autre","Entreprise de paysage","11-25","Entreprises paysagistes","Chargé(e) d'étude confirmé","","X","","X","X","X","X","","","X","X","X","","","X","X","6","42000","4000"
"219","1342118","20/11/2018 - 18:04","20/11/2018 - 18:04","20/11/2018 - 18:04","0","0.0.0.0","0","Anonymous","Gembloux","","2014","","X","5","Île-de-France","","Bureau d'études","","6-10","Entreprises paysagistes","Chef(fe) de projet","","X","X","","X","","","X","X","X","X","X","X","","X","X","5","24766","240"
"220","1343182","20/11/2018 - 21:45","20/11/2018 - 21:45","20/11/2018 - 21:45","0","0.0.0.0","0","Anonymous","Autre","Licence professionnelle Aménagement du Paysage","2008","","X","10","Lyon","","Bureau d'études","","6-10","Syntec","Chef(fe) de projet confirmé","","","","X","","","","X","X","X","X","X","X","X","X","X","8","32400","5500"
"221","1343523","20/11/2018 - 23:18","20/11/2018 - 23:18","20/11/2018 - 23:18","0","0.0.0.0","0","Anonymous","INH","","2016","X","","2","Autre","dax","Bureau d'études","","2-5","syntec","Chargé(e) d'étude","","X","","","X","X","","X","","X","X","X","X","X","X","X","2","21894","1680"
"222","1344016","21/11/2018 - 08:47","21/11/2018 - 08:47","21/11/2018 - 08:47","0","0.0.0.0","0","Anonymous","ENSAPL","","2015","","X","2","Île-de-France","","Public","","1001-...","Collectivité ","Chef(fe) de projet","","","","X","X","X","X","","","","","","","","","","2","33000","0"
"223","1344121","21/11/2018 - 09:05","21/11/2018 - 09:05","21/11/2018 - 09:05","0","0.0.0.0","0","Anonymous","ENSP Versailles","","2017","","X","1","Lyon","","Freelance / Indépendant","","1","Entreprises paysagistes","Chef(fe) de projet débutant","","X","","","X","X","","X","X","X","X","X","X","X","X","X","1","24960","0"
"224","1344680","21/11/2018 - 10:19","21/11/2018 - 10:19","21/11/2018 - 10:19","0","0.0.0.0","0","Anonymous","ENSP Versailles","","1999","X","","19","Autre","","Public","","1001-...","fonction public","Chef(fe) de projet","","X","","","X","","X","","","X","X","X","X","X","X","","19","45600","0"
"225","1345308","21/11/2018 - 11:49","21/11/2018 - 11:49","21/11/2018 - 11:49","0","0.0.0.0","0","Anonymous","ENSP Versailles","","2012","","X","7","Paris","","Agence","","11-25","Entreprises architecture ","Chef(fe) de projet","","","","X","X","","","","","","X","X","X","X","X","","4","41000","0"
"226","1345617","21/11/2018 - 12:31","21/11/2018 - 12:31","21/11/2018 - 12:31","0","0.0.0.0","0","Anonymous","ENSP Versailles","","2016","","X","2","Paris","","Freelance / Indépendant","","1","Entreprises paysagistes","Autre","Polyvalente : jardinier, concepteur...","X","X","","X","","","X","","","","","","","X","","2","18000","500"
"227","1345988","21/11/2018 - 13:58","21/11/2018 - 13:58","21/11/2018 - 13:58","0","0.0.0.0","0","Anonymous","INH","","2014","X","","4","Île-de-France","","Bureau d'études","","51-200","Entreprises paysagistes","Assistant(e) d'étude","","X","","","","","","","","","","","","","","","4","28800","50"
"228","1346884","21/11/2018 - 16:19","21/11/2018 - 16:19","21/11/2018 - 16:19","0","0.0.0.0","0","Anonymous","ENSP Versailles","","2015","","X","3","Paris","","Agence","","6-10","Entreprises d'architecture","Chef(fe) de projet débutant","","X","","","X","","","X","","","X","X","X","","X","","1","33500","1500"
"229","1347987","21/11/2018 - 19:33","21/11/2018 - 19:33","21/11/2018 - 19:33","0","0.0.0.0","0","Anonymous","INH","","2018","X","","0","Autre","Angers","Agence","","2-5","Entreprises paysagistes","Assistant(e) de projet","","","","","X","","","","X","X","X","X","X","X","","X","0","20000","0"
"230","1348718","21/11/2018 - 22:40","21/11/2018 - 22:40","21/11/2018 - 22:40","0","0.0.0.0","0","Anonymous","ENSNP","","2012","","X","5","Nantes","","Association","","11-25","Néant ","Chargé(e) d'étude","","","","X","X","","","","","","","","","","","","3","33000","1800"
"231","1350969","22/11/2018 - 13:21","22/11/2018 - 13:21","22/11/2018 - 13:21","0","0.0.0.0","0","Anonymous","INH","","2011","X","","7","Autre","Pays de la Loire / Maine-et-Loire","Bureau d'études","","11-25"," bureaux d’études techniques - Syntec","Chargé(e) d'étude","","X","X","X","X","","","X","","X","","","","","","X","6","30941","0"
"232","1354725","23/11/2018 - 08:15","23/11/2018 - 08:15","23/11/2018 - 08:15","0","0.0.0.0","0","Anonymous","INH","","2004","","X","14","Île-de-France","","Maîtrise d'œuvre","","6-10","Bet technique ","Directeur(trice) de société","","X","X","X","X","X","X","X","X","X","X","X","X","X","X","X","11","60000","5000"
"233","1355305","23/11/2018 - 10:05","23/11/2018 - 10:05","23/11/2018 - 10:05","0","0.0.0.0","0","Anonymous","ENSAPL","","2013","","X","4","Lille","","Freelance / Indépendant","","1","Entreprises paysagistes","Directeur(trice) d'agence","","X","","","X","","","X","X","X","X","X","X","X","X","X","4","44000","0"
"234","1355338","23/11/2018 - 10:09","23/11/2018 - 10:09","23/11/2018 - 10:09","0","0.0.0.0","0","Anonymous","ENSAPL","","2013","X","","5","Paris","","Bureau d'études","","51-200","Bureau d'études en urbanisme et ingénierie","Directeur(trice) d'agence","","X","","X","X","X","X","X","","","","","","","","X","3","36800","2050"
"235","1355394","23/11/2018 - 10:17","23/11/2018 - 10:17","23/11/2018 - 10:17","0","0.0.0.0","0","Anonymous","ENSAPL","","2010","X","","8","Autre","Bruxelles","Public","","51-200","fonction publique","Chef(fe) de projet","","X","X","X","X","","X","X","","","","","","X","","","3","36000","500"
"236","1355442","23/11/2018 - 10:26","23/11/2018 - 10:26","23/11/2018 - 10:26","0","0.0.0.0","0","Anonymous","ENSAPL","","2010","X","","8","Autre","ariège","Autre","microentreprise","1","entreprise d'architecture","Autre","","X","","","X","X","","X","X","X","X","X","X","X","X","X","7","27800","0"
"237","1355456","23/11/2018 - 10:28","23/11/2018 - 10:28","23/11/2018 - 10:28","0","0.0.0.0","0","Anonymous","ENSAPL","","2012","X","","4","Bordeaux","","Agence","","2-5","Entreprises paysagistes","Assistant(e) de projet","","X","","X","X","","","X","X","X","X","X","X","X","X","X","3","29640","200"
"238","1355656","23/11/2018 - 10:57","23/11/2018 - 10:57","23/11/2018 - 10:57","0","0.0.0.0","0","Anonymous","ENSAPL","","2015","X","","2","Autre","Cantal","Agence","","11-25","Entreprise d'architecture","Chargé(e) d'étude","","","","","X","X","X","X","X","X","X","X","X","","X","","2","20750","4200"
"239","1356071","23/11/2018 - 12:02","23/11/2018 - 12:02","23/11/2018 - 12:02","0","0.0.0.0","0","Anonymous","ENSAPL","","2010","","X","8","Île-de-France","","Maîtrise d'œuvre","","1001-...","Syntec ingénierie","Directeur(trice) d'agence","","X","X","X","X","X","","","X","X","X","X","X","X","","X","2","58000","2000"
"240","1356688","23/11/2018 - 14:20","23/11/2018 - 14:20","23/11/2018 - 14:20","0","0.0.0.0","0","Anonymous","ENSAPL","","2013","","X","5","Autre","normandie","Freelance / Indépendant","","1","Entreprises paysagistes","Autre","formateur","","","","","","X","","","","","","","","","","5","19000","500"
"241","1356844","23/11/2018 - 14:48","23/11/2018 - 14:48","23/11/2018 - 14:48","0","0.0.0.0","0","Anonymous","ENSP Versailles","","2012","","X","6","Lille","","Agence","","6-10","Entreprises d'architectes","Chef(fe) de projet","","X","","","X","","X","X","X","X","X","X","X","X","X","X","3","35250","2200"
"242","1357501","23/11/2018 - 16:32","23/11/2018 - 16:32","23/11/2018 - 16:32","0","0.0.0.0","0","Anonymous","ENSAPL","","2016","","X","1","Paris","","Autre","Entreprise paysagiste","11-25","entreprises paysagistes","Chef(fe) de projet","","X","X","X","X","X","X","X","X","X","X","X","X","X","X","X","1","19400","180"
