"Étude Salaire 2020 - Paysagiste Concepteur"	""	""	""	""	""	""	""	""	""	""	""	""	""	""	""	""	""	""	""	""	""	""	""	""	""	""	""	""	""	""	""	""	""	""	""	""
"Détails de la soumission"	""	""	""	""	""	""	""	""	""	""	""	""	""	"Avez-vous d'autres activités rémunérées ?"	""	""	""	""	""	""	""	""	""	""	""	""	""	""	""	""	"Quel revenus souhaitez-vous indiquer ?"	""	""	""	""	""
"Séquentiel"	"Heure de soumission"	"De quelle école êtes-vous diplômé(e) ?"	"Autre diplôme"	"En quelle année avez-vous été diplômé(e) ?"	"Combien d'années d'expérience avez-vous ?"	"Quelle est votre région actuelle ?"	"Autre localisation"	"Quel est votre sexe ?"	"Combien d'enfants à charge avez-vous ?"	"Dans quel type de structure êtes-vous ?"	"Précision concernant le type de structure"	"Quelle est la taille de cette structure ?"	"De quelle convention collective dépend cette structure ?"	"activités d’enseignement"	"activités associatives"	"activités de paysagiste conseils de l’état"	"responsabilités universitaire"	"activité non salariée, en tant que micro-entrepreneurs"	"activité non salariée, en tant qu’entrepreneurs individuels classiques"	"activité non salariée, en tant gérants majoritaires de sociétés"	"activité non déclarée"	"Quel est votre statut ?"	"Quel est votre temps de travail hebdomadaire effectif annualisé ?"	"Etes-vous satisfait(e) de votre charge horaire ?"	"Etes-vous favorable au télétravail ?"	"Quel type de poste occupez-vous ?"	"Autre type de poste"	"Années d'ancienneté"	"Etes-vous satisfait(e) de votre emploi ?"	"Quel est votre revenu ANNUEL NET imposable en 2020 ?"	"Revenu salarial annuel net imposable : somme de tous les salaires perçus par un individu au cours d'une année donnée, nets de toutes cotisations sociales, y compris contribution sociale généralisée (CSG) et contribution au remboursement de la dette sociale (CRDS)."	"Revenu d’activité annuel : rémunération issue de l’activité non salariée, déduction faite des cotisations sociales payées dans l’année mais pas des contributions sociales (CSG non déductible, CRDS). Il est calculé à partir du revenu professionnel imposable auquel sont réintégrés certains allègements fiscaux et cotisations sociales facultatives : chiffre d’affaires des micro-entrepreneurs après abattement pour frais professionnels, bénéfice net des entrepreneurs individuels classiques, rémunération des gérants majoritaires (incluant une partie des dividendes)."	"Quel est votre salaire ANNUEL NET imposable en 2020 ?"	"Quel est votre revenu d’activité ANNUEL en 2020 ? "	"Quels sont vos avantages ?"	"Etes-vous satisfait(e) de votre rémunération ?"
"2"	"22/11/2020 - 18:35"	"ENSAPL"	""	"2016"	"4"	"Pays de la Loire"	""	"Femme"	"0"	"Agence de paysage"	""	"11-25"	"Convention collective nationale des entreprises d'architecture"	""	""	""	""	""	""	""	""	"C.D.I"	"39"	"2"	"Oui, si flexbile"	"Assistant(e) de projet"	""	"1"	"4"	"24415"	"X"	""	"24415"	""	"Tickets restaurants"	"2"
"3"	"30/12/2020 - 10:35"	"Lullier"	""	"2010"	"10"	"Grand Est"	""	""	"2"	"Entreprise de réalisation"	""	"51-200"	"Convention collective nationale des entreprises d'architecture"	""	""	""	""	""	""	""	""	"C.D.I"	"45"	"3"	"Oui, si flexbile"	"Chargé(e) d'affaires / d'opérations / de missions"	""	"4"	"3"	"30100"	"X"	""	"32500"	""	"Voiture, 10 rtt, panier repas, mutuelle"	"3"
"4"	"30/12/2020 - 11:01"	"Agrocampus Ouest (INH)"	""	"2019"	"2"	"Auvergne-Rhône-Alpes"	""	"Femme"	"0"	"Agence de paysage"	"Maîtrise d'oeuvre"	"6-10"	"Convention collective nationale des entreprises d'architecture"	""	""	""	""	""	""	""	""	"C.D.D"	"35"	"5 - Très satisfait"	"Oui, y compris à temps complet"	"Assistant(e) de projet"	""	"1"	"5 - Très satisfait"	"19800"	"X"	""	"19800"	""	""	"3"
"5"	"30/12/2020 - 11:30"	"ENSAPBX"	""	"2020"	"0"	"Bretagne"	""	"Homme"	"0"	"Agence de paysage"	""	"2-5"	"Convention collective nationale des entreprises d'architecture"	""	""	""	""	""	""	""	""	"C.D.D"	"35.5"	"5 - Très satisfait"	"Non, exceptionnellement pour les deux confinements"	"Assistant(e) de projet"	""	"0"	"4"	"20400"	"X"	""	"20400"	""	"Tickets restaurants (60€ par mois)"	"2"
"6"	"30/12/2020 - 11:54"	"Autre"	"CS concepteur paysagiste "	"2020"	"1"	"Hauts-de-France"	""	"Femme"	"0"	"Entreprise de réalisation"	"EURL"	"6-10"	"Je ne sais pas"	""	""	""	""	""	""	""	""	"C.D.I"	"35"	"5 - Très satisfait"	"Oui, si flexbile"	"Paysagiste conseil"	""	"2"	"4"	""	"X"	"X"	""	""	"Panier repas "	"3"
"7"	"30/12/2020 - 14:17"	"Autre"	""	"1998"	"25"	"Occitanie"	""	""	"2"	"Entreprise de réalisation"	""	"6-10"	"Convention collective nationale des entreprises du paysage"	""	""	""	""	""	""	""	""	"C.D.I"	"39"	"5 - Très satisfait"	"Oui, y compris à temps complet"	"Responsable d'agence / bureaux"	""	"2"	"5 - Très satisfait"	"40000"	"X"	""	"35000"	""	""	"0 - Pas du tout satisfait"
"8"	"30/12/2020 - 15:20"	"INSA-CVL-ENP (ex: ENSNP)"	""	"2014"	"6"	"Paris"	""	"Homme"	"2"	"Agence de paysage"	""	"6-10"	"Convention collective nationale des entreprises d'architecture"	""	""	""	""	""	""	""	""	"C.D.I"	"39"	"5 - Très satisfait"	"Oui, si flexbile"	"Chef(fe) de projet"	""	"5"	"5 - Très satisfait"	"34000"	"X"	""	""	""	"Rtt, ticket resto"	"4"
"9"	"30/12/2020 - 15:31"	"INSA-CVL-ENP (ex: ENSNP)"	""	"2020"	"0"	"Île-de-France"	""	"Homme"	"0"	"Agence de paysage"	""	"6-10"	"Convention collective nationale des entreprises d'architecture"	""	""	""	""	""	""	""	""	"C.D.D"	"39"	"4"	"Oui, si flexbile"	"Chargé(e) d'étude"	""	"0"	"4"	""	"X"	""	"24000"	""	"Tickets restaurants "	"4"
"10"	"30/12/2020 - 16:28"	"Lullier"	""	"2007"	"13"	"Grand Est"	""	"Femme"	"2"	"Fonction publique"	"Parc naturel régional "	"26-50"	"Fonction publique territoriale"	""	""	""	""	""	""	""	""	"Contractuel dans la fonction publique"	"45"	"3"	"Oui, si flexbile"	"Chef(fe) de projet confirmé"	""	"5"	"5 - Très satisfait"	"24500"	"X"	""	"20000"	""	"Rtt tickets, restaurants, frais déplacements "	"4"
"11"	"31/12/2020 - 01:05"	"Agrocampus Ouest (INH)"	""	"2019"	"1"	"Pays de la Loire"	""	"Homme"	"0"	"Agence de paysage"	""	"2-5"	"Convention collective nationale des entreprises d'architecture"	""	""	""	""	""	""	""	""	"C.D.I"	"43"	"3"	"Oui, si flexbile"	"Chargé(e) d'étude"	""	"1"	"4"	"20400"	"X"	""	"20400"	""	"Frais telephone"	"3"
"12"	"31/12/2020 - 13:43"	"ESAJ"	""	"1993"	"26"	"Bretagne"	""	"Homme"	"2"	"Agence de paysage"	""	"6-10"	"Syntec: Convention collective nationale des bureaux d'études techniques, des cabinets d'ingénieurs-conseils et des sociétés de conseils"	""	""	""	""	""	""	""	""	"C.D.I"	"50"	"3"	"Non, uniquement pour le premier confinement"	"Chef(fe) de projet confirmé"	""	"26"	"5 - Très satisfait"	"36881"	"X"	""	"37108"	""	"PEE"	"4"
"13"	"01/01/2021 - 23:56"	"ENSP Versailles"	""	"2019"	"1"	"Île-de-France"	""	""	"0"	"Bureau d'études"	""	"11-25"	"Je ne sais pas"	""	""	""	""	""	""	""	""	"C.D.D"	"39"	"4"	"Oui, si flexbile"	"Chargé(e) d'étude débutant"	""	"1"	"1"	"19800"	"X"	""	""	""	""	"2"
"14"	"02/01/2021 - 12:20"	"Autre"	"Technicien jardin espace vert"	"2019"	"3"	"Pays de la Loire"	""	""	"0"	"Freelance / Indépendant"	""	"1"	"Convention collective nationale des entreprises du paysage"	""	""	""	""	""	""	""	""	"Micro-entrepreneur (ME / Auto-entrepreneur)"	"39"	"5 - Très satisfait"	"Non, pas du tout"	"Autre"	""	"3"	"5 - Très satisfait"	"12000"	""	"X"	""	"12000"	""	"0 - Pas du tout satisfait"
"15"	"02/01/2021 - 14:35"	"ENSP Versailles"	""	"2019"	"3"	"Île-de-France"	""	"Femme"	"0"	"Bureau d'études"	""	"51-200"	"Je ne sais pas"	""	""	""	""	""	""	""	""	"C.D.I"	"39"	"2"	"Oui, y compris à temps complet"	"Chargé(e) d'étude débutant"	""	"1"	"0 - Pas du tout satisfait"	"25200"	"X"	""	"252000"	""	"Aucun"	"4"
"16"	"11/01/2021 - 08:53"	"ENSAPL"	""	"2018"	"3"	"Autre"	"Asie"	"Homme"	"1"	"Agence de paysage"	""	"2-5"	"Je ne sais pas"	""	""	""	""	""	""	""	""	"C.D.D"	"42"	"4"	"Oui, si flexbile"	"Chef(fe) de projet"	""	"1"	"3"	"24960"	"X"	""	"24960"	""	"Couverture assurance médicale expat + 1Billet avion A/R France"	"3"
"17"	"13/01/2021 - 13:25"	"ENSP Versailles"	""	"2004"	"17"	"Île-de-France"	""	"Femme"	"1"	"Agence de paysage"	"SARL"	"6-10"	"Syntec: Convention collective nationale des bureaux d'études techniques, des cabinets d'ingénieurs-conseils et des sociétés de conseils"	""	""	""	""	""	""	""	""	"Dirigeant de SARL"	"55"	"3"	"Oui, si flexbile"	"Directeur(trice)/Dirigeant(e) de société"	""	"12"	"5 - Très satisfait"	""	""	"X"	""	"52000"	"PEE, voiture"	"3"
"18"	"24/01/2021 - 18:23"	"ENSAPBX"	""	"2013"	"5"	"Normandie"	""	"Femme"	"0"	"Association"	""	"11-25"	"Je ne sais pas"	"X"	""	""	""	"X"	""	""	""	"C.D.I"	"37"	"5 - Très satisfait"	"Oui, y compris à temps complet"	"Paysagiste conseil"	""	"2"	"5 - Très satisfait"	""	"X"	""	"18840"	""	"RTT Ticket restaurant voiture de service"	"0 - Pas du tout satisfait"
"19"	"24/01/2021 - 18:25"	"Autre"	"Cornell"	"2017"	"4"	"Autre"	"Etats Unis"	"Homme"	"0"	"Fonction publique"	"Logement Social"	"1001-..."	"Fonction publique"	""	""	""	""	""	""	""	""	"Fonctionnaire"	"35"	"5 - Très satisfait"	"Oui, y compris à temps complet"	"Chargé(e) d'étude"	""	"4"	"5 - Très satisfait"	""	"X"	""	"39427"	""	"RTT (5 semaines), remboursement d'etudes et de cours"	"3"
"20"	"24/01/2021 - 18:27"	"ENSP Versailles"	""	"2019"	"1"	"Paris"	""	"Femme"	"0"	"Agence d'architecture"	""	"51-200"	"Je ne sais pas"	""	""	""	""	""	""	""	""	"C.D.D"	"37.5"	"4"	"Oui, si flexbile"	"Assistant(e) de projet"	""	"1"	"2"	"30000"	"X"	""	""	""	"RTT, tickets restaurants, CE"	"4"
"21"	"24/01/2021 - 18:28"	"ENSP Versailles"	""	"2018"	"3"	"Paris"	""	"Femme"	"0"	"Agence de paysage"	""	"6-10"	"Syntec: Convention collective nationale des bureaux d'études techniques, des cabinets d'ingénieurs-conseils et des sociétés de conseils"	""	""	""	""	""	""	""	""	"C.D.D"	"39"	"3"	"Non, uniquement pour le premier confinement"	"Chef(fe) de projet débutant"	""	"1"	"3"	"25500"	"X"	""	""	""	""	"0 - Pas du tout satisfait"
"22"	"24/01/2021 - 18:30"	"Agrocampus Ouest (INH)"	""	"2011"	"9"	"Occitanie"	""	"Homme"	"0"	"Fonction publique"	"Commune"	"1001-..."	"Fonction publique territoriale"	""	""	""	""	""	""	""	""	"Fonctionnaire"	"36"	"5 - Très satisfait"	"Non, pas du tout"	"Autre"	"Directeur des espaces verts "	"6"	"4"	"40000"	"X"	""	""	""	"Chèques vacances "	"3"
"23"	"24/01/2021 - 18:30"	"ENSAPBX"	""	"2009"	"11"	"Grand Est"	""	"Homme"	"0"	"Fonction publique"	""	"1001-..."	"Fonction publique territoriale"	""	""	""	""	""	""	""	""	"Fonctionnaire"	"37.5"	"5 - Très satisfait"	"Non, exceptionnellement pour les deux confinements"	"Chef(fe) de projet"	""	"4"	"4"	"35200"	"X"	""	"35200"	""	"RTT, tickets restaurants, chèque vacances"	"4"
"24"	"24/01/2021 - 18:33"	"Autre"	"Licence puis valorisation par l’expérience "	"2016"	"5"	"Auvergne-Rhône-Alpes"	""	"Homme"	"0"	"Entreprise de réalisation"	""	"26-50"	"Convention collective nationale des entreprises du paysage"	""	""	""	""	""	""	""	""	"C.D.I"	"39"	"4"	"Non, exceptionnellement pour les deux confinements"	"Chargé(e) d'étude"	""	"3"	"4"	"23400"	"X"	""	"23400"	""	""	"3"
"25"	"24/01/2021 - 18:39"	"Agrocampus Ouest (INH)"	""	"2010"	"10"	"Île-de-France"	""	"Homme"	"0"	"Entreprise de réalisation"	""	"1001-..."	"Convention collective nationale des entreprises du paysage"	""	""	""	""	""	""	""	""	"C.D.I"	"45"	"1"	"Oui, si flexbile"	"Chargé(e) d'affaires / d'opérations / de missions"	""	"10"	"4"	"42722"	"X"	""	""	""	"Voiture de fonction "	"4"
"26"	"24/01/2021 - 18:42"	"ENSAPL"	""	"2015"	"5"	"Auvergne-Rhône-Alpes"	""	"Femme"	"1"	"Agence d'architecture"	""	"11-25"	"Convention collective nationale des entreprises d'architecture"	""	""	""	""	""	""	""	""	"C.D.I"	"28"	"4"	"Oui, si flexbile"	"Chef(fe) de projet"	""	"4"	"4"	""	"X"	""	"16337"	""	"chèques déjeuner"	"1"
"27"	"24/01/2021 - 18:46"	"ENSP Versailles"	""	"2015"	"10"	"Île-de-France"	""	"Femme"	"1"	"Agence de paysage"	""	"6-10"	"Convention collective nationale des entreprises d'architecture"	""	""	""	""	""	""	""	""	"C.D.I"	"42"	"4"	"Oui, si flexbile"	"Chef(fe) de projet"	""	"5"	"4"	""	"X"	""	"32000"	""	"Rtt tickets restaurants"	"4"
"28"	"24/01/2021 - 18:48"	"Agrocampus Ouest (INH)"	""	"2016"	"4"	"Autre"	"Berlin, Allemagne"	"Femme"	"0"	"Bureau d'études"	""	"11-25"	"Code du travail (Sans convention)"	""	""	""	""	""	""	""	""	"C.D.I"	"40"	"2"	"Oui, si flexbile"	"Chef(fe) de projet"	""	"4"	"3"	"34897"	"X"	""	""	""	""	"5 - Très satisfait"
"29"	"24/01/2021 - 18:54"	"Agrocampus Ouest (INH)"	""	"2019"	"1"	"Pays de la Loire"	""	"Femme"	"0"	"Fonction publique"	"Ville d'angers"	"1001-..."	"Fonction publique"	""	""	""	""	""	""	""	""	"C.D.D"	"37.5"	"3"	"Oui, si flexbile"	"Responsable d'équipe"	""	"1"	"4"	"19800"	"X"	""	"19800"	""	"RTT Tickets restaurants CNAS ( CE FPT)"	"4"
"30"	"24/01/2021 - 18:56"	"Lullier"	""	"2012"	"5"	"Nouvelle-Aquitaine"	""	"Femme"	"2"	"Agence de paysage"	""	"2-5"	"Convention collective nationale des entreprises d'architecture"	""	""	""	""	""	""	""	""	"C.D.I"	"28"	"5 - Très satisfait"	"Oui, si flexbile"	"Chef(fe) de projet"	""	"4"	"4"	"18000"	"X"	""	"18000"	""	"Voiture de fonction"	"2"
"31"	"24/01/2021 - 19:05"	"ENSAPBX"	""	"2017"	"4"	"Pays de la Loire"	""	"Homme"	"1"	"Agence de paysage"	"Vrd et paysage "	"11-25"	"Je ne sais pas"	""	""	""	""	""	""	""	""	"C.D.I"	"39"	"4"	"Oui, si flexbile"	"Chef(fe) de projet"	""	"1"	"4"	""	"X"	""	"24000"	""	"Ticket restaurant, RTT, intéressement "	"4"
"32"	"24/01/2021 - 19:10"	"Agrocampus Ouest (INH)"	""	"2020"	"0"	"Nouvelle-Aquitaine"	""	"Homme"	"0"	"Agence de paysage"	""	"6-10"	"Convention collective nationale des entreprises d'architecture"	""	""	""	""	""	""	""	""	"C.D.D"	"43"	"0 - Pas du tout satisfait"	"Oui, si flexbile"	"Chargé(e) d'étude débutant"	""	"0"	"3"	""	"X"	""	"8816"	""	"rien"	"2"
"33"	"24/01/2021 - 19:19"	"ESAJ"	""	"2002"	"21"	"Occitanie"	""	"Femme"	"3"	"Agence de paysage"	""	"2-5"	"Convention collective nationale des entreprises d'architecture"	""	""	""	""	""	""	""	""	"Dirigeant d'entreprise salarié"	"60"	"4"	"Oui, si flexbile"	"Directeur(trice)/Dirigeant(e) de société"	""	"16"	"5 - Très satisfait"	"35000"	"X"	""	"2500"	""	"VOITURE DE FONCTION"	"4"
"34"	"24/01/2021 - 19:21"	"Agrocampus Ouest (INH)"	""	"2012"	"9"	"Île-de-France"	""	"Homme"	"1"	"Agence d'architecture"	"Agence recoupant sur 4 poles les compétences architecture paysage urbanisme et patrimoine"	"11-25"	"Convention collective nationale des entreprises du paysage"	""	""	""	""	""	""	""	""	"C.D.I"	"39"	"4"	"Oui, si flexbile"	"Chef(fe) de projet confirmé"	""	"8"	"3"	"41657"	"X"	""	"41657"	""	"Aucun"	"4"
"35"	"24/01/2021 - 19:34"	"Gembloux"	""	"2018"	"0"	"Île-de-France"	""	""	"0"	"Agence de paysage"	""	"6-10"	"Syntec: Convention collective nationale des bureaux d'études techniques, des cabinets d'ingénieurs-conseils et des sociétés de conseils"	""	""	""	""	""	""	""	""	"Sans emploi"	"39"	"0 - Pas du tout satisfait"	"Non, pas du tout"	"Assistant(e) d'étude"	""	"0"	"3"	""	"X"	""	""	""	""	"1"
"36"	"24/01/2021 - 19:37"	"ENSAPL"	""	"2019"	"1"	"Hauts-de-France"	""	"Homme"	"0"	"Agence de paysage"	""	"6-10"	"Je ne sais pas"	""	""	""	""	""	""	""	""	"C.D.I"	"39"	"4"	"Non, uniquement pour le premier confinement"	"Chargé(e) d'étude débutant"	""	"1"	"3"	"20400"	"X"	""	"20400"	""	"11RTT/an "	"3"
"37"	"24/01/2021 - 20:18"	"ITIAPE - ISA Lille"	""	"2014"	"14"	"Provence-Alpes-Côte d'Azur"	""	"Homme"	"0"	"Agence de paysage"	"Agence MOE paysage "	"2-5"	"Convention collective nationale des entreprises d'architecture"	""	""	""	""	"X"	""	""	""	"C.D.I"	"39"	"1"	"Oui, si flexbile"	"Chef(fe) de projet confirmé"	""	"2"	"3"	"29970"	"X"	""	"29970"	""	""	"0 - Pas du tout satisfait"
"38"	"24/01/2021 - 20:24"	"ENSP Versailles"	""	"2013"	"7"	"Grand Est"	""	"Homme"	"2"	"Agence de paysage"	""	"1"	"Code du travail (Sans convention)"	"X"	"X"	""	""	""	""	""	""	"Dirigeant de SARL"	"45"	"1"	"Oui, y compris à temps complet"	"Directeur(trice)/Dirigeant(e) de société"	""	"4"	"5 - Très satisfait"	"28000"	"X"	"X"	""	"43000"	""	"3"
"39"	"24/01/2021 - 21:12"	"ENSP Versailles"	""	"2013"	"6"	"Auvergne-Rhône-Alpes"	""	""	"0"	"Agence de paysage"	""	"11-25"	"Syntec: Convention collective nationale des bureaux d'études techniques, des cabinets d'ingénieurs-conseils et des sociétés de conseils"	""	""	""	""	""	""	""	""	"C.D.D"	"39"	"3"	"Non, exceptionnellement pour les deux confinements"	"Chargé(e) d'étude confirmé"	""	"0"	"5 - Très satisfait"	"19282"	"X"	""	"19282"	""	""	"2"
"40"	"24/01/2021 - 21:36"	"ENSP Versailles"	""	"2016"	"4"	"Autre"	""	"Homme"	"0"	"Agence de paysage"	""	"26-50"	"Je ne sais pas"	""	""	""	"X"	""	""	""	""	"C.D.I"	"37"	"5 - Très satisfait"	"Oui, si flexbile"	"Autre"	""	"0"	"5 - Très satisfait"	"50000"	"X"	""	"50000"	""	"RTT, portable, assurance santé, fond retraite, primes de fin d’année "	"5 - Très satisfait"
"41"	"24/01/2021 - 21:37"	"Agrocampus Ouest (INH)"	""	"2018"	"2"	"Nouvelle-Aquitaine"	""	"Femme"	"0"	"Fonction publique"	"Agence technique départementale"	"51-200"	"Fonction publique territoriale"	""	""	""	""	""	""	""	""	"C.D.D"	"39"	"4"	"Oui, si flexbile"	"Chargé(e) d'étude"	""	"0"	"4"	"14848"	"X"	""	"14848"	""	"RTT, Tickets restaurants, CE"	"3"
"42"	"24/01/2021 - 23:02"	"ENSP Versailles"	""	"2000"	"20"	"Bretagne"	""	"Femme"	"2"	"Bureau d'études"	"Environnement et paysages"	"11-25"	"Syntec: Convention collective nationale des bureaux d'études techniques, des cabinets d'ingénieurs-conseils et des sociétés de conseils"	""	""	""	""	""	""	""	""	"Dirigeant d'entreprise salarié"	"39"	"3"	"Oui, si flexbile"	"Responsable d'agence / bureaux"	""	"13"	"4"	"35000"	"X"	""	"2700"	""	"Dividendes variables"	"3"
"43"	"25/01/2021 - 02:53"	"ENSP Marseille"	""	"1987"	"33"	"Île-de-France"	""	"Homme"	"0"	"Freelance / Indépendant"	""	"1"	"Je ne sais pas"	"X"	"X"	"X"	"X"	"X"	""	""	""	"Micro-entrepreneur (ME / Auto-entrepreneur)"	"39"	"4"	"Non, pas du tout"	"Paysagiste conseil"	""	"33"	"4"	"31461"	"X"	"X"	""	""	""	"3"
"44"	"25/01/2021 - 05:59"	"Agrocampus Ouest (INH)"	""	"2017"	"3"	"La Réunion"	""	"Femme"	"0"	"Fonction publique"	"ONF"	"1001-..."	"Je ne sais pas"	""	""	""	""	""	""	""	""	"C.D.I"	"39"	"4"	"Oui, si flexbile"	"Chef(fe) de projet"	""	"1"	"4"	"26400"	"X"	""	"26400"	""	""	"3"
"45"	"25/01/2021 - 06:59"	"ENSP Versailles"	""	"1992"	"26"	"Pays de la Loire"	""	"Homme"	"0"	"Bureau d'études"	"Bureau d'études multidisciplinaire à client unique "	"201-500"	"Syntec: Convention collective nationale des bureaux d'études techniques, des cabinets d'ingénieurs-conseils et des sociétés de conseils"	""	""	""	""	""	""	""	""	"C.D.I"	"42"	"5 - Très satisfait"	"Oui, si flexbile"	"Responsable d'équipe"	""	"2"	"4"	""	"X"	"X"	"40585"	""	"CE "	"4"
"46"	"25/01/2021 - 08:11"	"ENSAPBX"	""	"2011"	"10"	"Occitanie"	""	"Femme"	"2"	"Agence de paysage"	""	"2-5"	"Convention collective nationale des entreprises d'architecture"	""	""	""	""	""	""	""	""	"C.D.I"	"35"	"5 - Très satisfait"	"Oui, si flexbile"	"Chargé(e) d'étude"	""	"10"	"5 - Très satisfait"	"19000"	"X"	""	"19000"	""	""	"2"
"47"	"25/01/2021 - 08:21"	"ESAJ"	""	"2016"	"5"	"Île-de-France"	""	"Femme"	"0"	"Entreprise de réalisation"	"Petite entreprise de paysage"	"11-25"	"Convention collective nationale des entreprises du paysage"	""	""	""	""	""	""	""	""	"C.D.I"	"39"	"2"	"Oui, si flexbile"	"Chargé(e) d'étude confirmé"	""	"2"	"3"	"23000"	"X"	""	"21167"	""	"Voiture, telephone"	"3"
"48"	"25/01/2021 - 08:40"	"Agrocampus Ouest (INH)"	""	"2016"	"3"	"Occitanie"	""	"Homme"	"0"	"Entreprise de réalisation"	""	"11-25"	"Je ne sais pas"	""	""	""	""	""	""	""	""	"C.D.I"	"39"	"3"	"Oui, y compris à temps complet"	"Chargé(e) d'étude"	""	"3"	"2"	"21000"	"X"	""	"1750"	""	""	"0 - Pas du tout satisfait"
"49"	"25/01/2021 - 08:51"	"ENSAPL"	""	"2009"	"11"	"Hauts-de-France"	""	"Femme"	"2"	"Fonction publique"	"Mairie"	"1001-..."	"Fonction publique territoriale"	""	""	""	""	""	""	""	""	"Contractuel dans la fonction publique"	"35"	"4"	"Oui, si flexbile"	"Chef(fe) de projet"	""	"1"	"5 - Très satisfait"	"31000"	"X"	""	""	""	""	"3"
"50"	"25/01/2021 - 08:53"	"ENSP Versailles"	""	"2009"	"11"	"Hauts-de-France"	""	"Homme"	"2"	"Agence de paysage"	""	"2-5"	"Convention collective nationale des entreprises d'architecture"	""	""	""	""	""	""	""	""	"C.D.I"	"39"	"3"	"Non, uniquement pour le premier confinement"	"Chargé(e) d'étude"	""	"9"	"2"	"28800"	"X"	""	""	""	""	"2"
"51"	"25/01/2021 - 09:11"	"Lullier"	""	"2010"	"15"	"Pays de la Loire"	""	"Homme"	"2"	"Agence de paysage"	""	"2-5"	"Je ne sais pas"	"X"	""	""	""	""	""	""	""	"Dirigeant de SARL"	"40"	"4"	"Oui, si flexbile"	"Chef(fe) de projet"	""	"10"	"4"	""	""	"X"	""	"23000"	""	"4"
"52"	"25/01/2021 - 09:25"	"ENSAPBX"	""	"1995"	"16"	"Nouvelle-Aquitaine"	""	"Femme"	"2"	"Freelance / Indépendant"	"EI"	"1"	"Je ne sais pas"	""	""	""	""	""	""	""	""	"Dirigeant d'entreprise salarié"	"39"	"3"	"Oui, y compris à temps complet"	"Chargé(e) d'affaires / d'opérations / de missions"	""	"16"	"3"	"60000"	""	"X"	""	"60000"	""	"3"
"53"	"25/01/2021 - 09:28"	"INSA-CVL-ENP (ex: ENSNP)"	""	"2013"	"7"	"Centre-Val de Loire"	""	"Femme"	"1"	"Bureau d'études"	"sas bureau d'étude aménagements paysagers"	"2-5"	"Syntec: Convention collective nationale des bureaux d'études techniques, des cabinets d'ingénieurs-conseils et des sociétés de conseils"	""	""	""	""	""	""	""	""	"C.D.I"	"39"	"5 - Très satisfait"	"Oui, si flexbile"	"Responsable d'agence / bureaux"	""	"7"	"4"	"23520"	"X"	""	"24088"	""	""	"4"
"54"	"25/01/2021 - 09:31"	"Agrocampus Ouest (INH)"	""	"2013"	"7"	"Occitanie"	""	"Femme"	"0"	"Fonction publique"	"Communauté de communes / Grand Site de France"	"201-500"	"Fonction publique territoriale"	""	""	""	""	""	""	""	""	"Contractuel dans la fonction publique"	"39"	"5 - Très satisfait"	"Oui, si flexbile"	"Chargé(e) d'étude confirmé"	""	"1"	"4"	"24500"	"X"	"X"	"25063"	""	"RTT"	"3"
"55"	"25/01/2021 - 09:35"	"ESAJ"	""	"2005"	"15"	"Île-de-France"	""	"Homme"	"1"	"Fonction publique"	"Service technique"	"26-50"	"Fonction publique territoriale"	""	""	""	""	""	""	""	""	"C.D.D"	"35"	"5 - Très satisfait"	"Oui, si flexbile"	"Responsable d'agence / bureaux"	""	"1"	"4"	"23000"	"X"	""	"23000"	""	""	"3"
"56"	"25/01/2021 - 10:06"	"Agrocampus Ouest (INH)"	""	"2015"	"5"	"Pays de la Loire"	""	"Femme"	"0"	"Bureau d'études"	""	"11-25"	"Syntec: Convention collective nationale des bureaux d'études techniques, des cabinets d'ingénieurs-conseils et des sociétés de conseils"	""	""	""	""	""	""	""	""	"C.D.I"	"35"	"3"	"Oui, si flexbile"	"Responsable d'équipe"	""	"5"	"3"	"25502"	"X"	""	"25502"	""	""	"2"
"57"	"25/01/2021 - 10:13"	"ENSP Versailles"	""	"2017"	"3"	"Pays de la Loire"	""	"Homme"	"0"	"Fonction publique"	"Ville"	"201-500"	"Fonction publique territoriale"	""	""	""	""	""	""	""	""	"Contractuel dans la fonction publique"	"39"	"5 - Très satisfait"	"Oui, si flexbile"	"Chargé(e) d'affaires / d'opérations / de missions"	""	"0"	"5 - Très satisfait"	"26640"	"X"	""	"23000"	""	"RTT, Tickets restaurants, Treizième mois, "	"5 - Très satisfait"
"58"	"25/01/2021 - 10:18"	"Lullier"	""	"2002"	"18"	"Bourgogne-Franche-Comté"	""	"Homme"	"0"	"Agence de paysage"	""	"2-5"	"Convention collective nationale des entreprises d'architecture"	""	""	""	""	""	""	""	""	"Dirigeant de SARL"	"35"	"4"	"Oui, si flexbile"	"Directeur(trice)/Dirigeant(e) de société"	""	"18"	"4"	"25000"	"X"	""	"25000"	""	""	"3"
"59"	"25/01/2021 - 10:29"	"Lullier"	""	"2009"	"8"	"Pays de la Loire"	""	"Homme"	"0"	"Fonction publique"	"communauté urbaine"	"1001-..."	"Fonction publique territoriale"	""	""	""	""	""	""	""	""	"Fonctionnaire"	"37"	"4"	"Oui, si flexbile"	"Chef(fe) de projet"	""	"7"	"4"	"28500"	"X"	""	"28500"	""	"aucun"	"4"
"60"	"25/01/2021 - 10:31"	"ENSAPBX"	""	"2013"	"7"	"Occitanie"	""	"Femme"	"1"	"Agence de paysage"	""	"2-5"	"Convention collective nationale des entreprises du paysage"	""	""	""	""	"X"	""	""	""	"C.D.I"	"32"	"3"	"Oui, si flexbile"	"Chargé(e) d'étude"	""	"7"	"3"	""	"X"	""	"21073"	""	"zéro"	"2"
"61"	"25/01/2021 - 10:43"	"INSA-CVL-ENP (ex: ENSNP)"	""	"2017"	"3"	"Pays de la Loire"	""	"Homme"	"0"	"Agence de paysage"	""	"2-5"	"Syntec: Convention collective nationale des bureaux d'études techniques, des cabinets d'ingénieurs-conseils et des sociétés de conseils"	""	""	""	""	""	""	""	""	"C.D.I"	"38"	"4"	"Oui, si flexbile"	"Chef(fe) de projet"	""	"3"	"4"	"22928"	"X"	""	"22928"	""	"Forfait mobilités durables"	"4"
"62"	"25/01/2021 - 11:23"	"Agrocampus Ouest (INH)"	""	"2010"	"11"	"Occitanie"	""	"Femme"	"0"	"Bureau d'études"	""	"201-500"	"Syntec: Convention collective nationale des bureaux d'études techniques, des cabinets d'ingénieurs-conseils et des sociétés de conseils"	""	""	""	""	""	""	""	""	"C.D.I"	"45"	"4"	"Oui, si flexbile"	"Chef(fe) de projet"	""	"10"	"4"	"28800"	"X"	""	"28800"	""	"RTT et tickets restaurants"	"0 - Pas du tout satisfait"
"63"	"25/01/2021 - 11:30"	"ENSAPL"	""	"2010"	"11"	"Île-de-France"	""	"Homme"	"2"	"Bureau d'études"	"BET VRD et Paysage"	"26-50"	"Syntec: Convention collective nationale des bureaux d'études techniques, des cabinets d'ingénieurs-conseils et des sociétés de conseils"	""	""	""	""	""	""	""	""	"C.D.I"	"35"	"4"	"Non, pas du tout"	"Responsable d'équipe"	""	"2"	"5 - Très satisfait"	"49500"	"X"	""	"49500"	""	"RTT, Tickets restaurant, voiture de fonction"	"4"
"64"	"25/01/2021 - 11:44"	"ENSAPL"	""	"2018"	"2"	"Provence-Alpes-Côte d'Azur"	""	"Homme"	"0"	"Agence de paysage"	""	"26-50"	"Convention collective nationale des entreprises d'architecture"	""	""	""	""	""	""	""	""	"C.D.I"	"42"	"1"	"Oui, y compris à temps complet"	"Assistant(e) de projet"	""	"2"	"4"	"18324"	"X"	""	"19670"	""	"ticket restaurant "	"0 - Pas du tout satisfait"
"65"	"25/01/2021 - 16:04"	"ENSP Versailles"	""	"2015"	"4"	"Auvergne-Rhône-Alpes"	""	"Homme"	"0"	"Agence d'architecture"	""	"201-500"	"Convention collective nationale des entreprises d'architecture"	""	""	""	""	""	""	""	""	"C.D.I"	"39"	"5 - Très satisfait"	"Non, exceptionnellement pour les deux confinements"	"Chargé(e) d'étude"	""	"4"	"0 - Pas du tout satisfait"	"19950"	"X"	""	"21250"	""	"RTT, CE"	"2"
"66"	"25/01/2021 - 18:32"	"ENSP Versailles"	""	"2014"	"6"	"Paris"	""	"Femme"	"0"	"Agence de paysage"	""	"2-5"	"Convention collective nationale des entreprises du paysage"	""	""	""	""	""	""	""	""	"C.D.I"	"39"	"4"	"Oui, si flexbile"	"Chargé(e) d'étude confirmé"	""	"4"	"3"	"24000"	"X"	""	"22400"	""	"tickets restaurants"	"3"
"67"	"25/01/2021 - 18:37"	"Agrocampus Ouest (INH)"	""	"2012"	"9"	"Pays de la Loire"	""	"Homme"	"1"	"Entreprise de réalisation"	""	"1"	"Convention collective nationale des entreprises du paysage"	""	""	""	""	""	""	""	""	"Dirigeant de SARL"	"55"	"3"	"Non, pas du tout"	"Directeur(trice)/Dirigeant(e) de société"	""	"4"	"5 - Très satisfait"	"22000"	"X"	""	""	""	"0"	"3"
"68"	"26/01/2021 - 06:09"	"INSA-CVL-ENP (ex: ENSNP)"	""	"2015"	"6"	"Auvergne-Rhône-Alpes"	""	"Homme"	"0"	"Fonction publique"	"PNR (collectivité - contractuel)"	"51-200"	"Fonction publique territoriale"	""	""	""	""	""	""	""	""	"C.D.D"	"35"	"4"	"Oui, si flexbile"	"Chargé(e) d'affaires / d'opérations / de missions"	""	"1"	"4"	"21000"	"X"	""	"21000"	""	"Rien"	"3"
"69"	"26/01/2021 - 08:32"	"ESAJ"	""	"1994"	"27"	"Occitanie"	""	"Femme"	"2"	"Agence de paysage"	""	"2-5"	"Syntec: Convention collective nationale des bureaux d'études techniques, des cabinets d'ingénieurs-conseils et des sociétés de conseils"	"X"	""	""	""	""	""	""	""	"Dirigeant de SARL"	"45"	"2"	"Oui, si flexbile"	"Chef(fe) de projet confirmé"	""	"27"	"2"	"26000"	"X"	""	"0"	""	""	"1"
"70"	"26/01/2021 - 10:55"	"INSA-CVL-ENP (ex: ENSNP)"	""	"2017"	"3"	"Autre"	"Irlande"	"Femme"	"0"	"Agence de paysage"	""	"6-10"	"Je ne sais pas"	""	""	""	""	""	""	""	""	"C.D.I"	"37.5"	"4"	"Oui, y compris à temps complet"	"Assistant(e) de projet"	""	"3"	"3"	"38000"	"X"	""	"38000"	""	"500€ carte cadeau à Noel"	"4"
"71"	"26/01/2021 - 12:06"	"Agrocampus Ouest (INH)"	""	"2011"	"9"	"Bretagne"	""	"Homme"	"3"	"Bureau d'études"	"Développement et construction de projets d'énergies renouvelables (éolien, photovoltaïque)"	"26-50"	"Syntec: Convention collective nationale des bureaux d'études techniques, des cabinets d'ingénieurs-conseils et des sociétés de conseils"	""	""	""	""	""	""	""	""	"C.D.I"	"39"	"4"	"Oui, si flexbile"	"Chef(fe) de projet"	""	"1"	"4"	"29404"	"X"	""	"29404"	""	"Voiture de fonction, prime d'intéressement, tickets restaurants"	"4"
"72"	"26/01/2021 - 13:01"	"Agrocampus Ouest (INH)"	""	"2015"	"5"	"Pays de la Loire"	""	"Femme"	"0"	"Groupe"	"Entreprise de paysage "	"26-50"	"Convention collective nationale des entreprises du paysage"	""	""	""	""	"X"	""	""	""	"C.D.I"	"40"	"2"	"Oui, si flexbile"	"Chargé(e) d'étude"	""	"5"	"4"	"23352"	"X"	""	"23352"	""	"RTT, tickets restaurants, CE, 13ème mois"	"1"
"73"	"26/01/2021 - 14:23"	"ESAJ"	""	"1995"	"22"	"Île-de-France"	""	"Femme"	"2"	"Agence de paysage"	"SARL"	"2-5"	"Syntec: Convention collective nationale des bureaux d'études techniques, des cabinets d'ingénieurs-conseils et des sociétés de conseils"	""	""	""	""	""	""	"X"	""	"Dirigeant de SARL"	"40"	"4"	"Oui, si flexbile"	"Directeur(trice)/Dirigeant(e) de société"	""	"12"	"4"	"45500"	""	"X"	""	"45500"	"Aucun"	"4"
"74"	"26/01/2021 - 14:27"	"ENSP Versailles"	""	"2016"	"5"	"Nouvelle-Aquitaine"	""	"Femme"	"0"	"Association"	"Association de protection de la nature"	"201-500"	"Convention collective nationale de l'animation"	""	""	""	""	""	""	""	""	"C.D.I"	"35"	"3"	"Non, exceptionnellement pour les deux confinements"	"Chargé(e) d'affaires / d'opérations / de missions"	""	"2"	"4"	"20041"	"X"	""	"22491"	""	"2 RTT par mois (pour semaine 39h) et la moitié des frais de déplacement et des tickets restaurants pris en charge, CE "	"1"
"75"	"26/01/2021 - 18:23"	"Agrocampus Ouest (INH)"	""	"2017"	"4"	"Île-de-France"	""	"Femme"	"0"	"Agence de paysage"	""	"26-50"	"Je ne sais pas"	""	""	""	""	""	""	""	"X"	"C.D.I"	"37"	"5 - Très satisfait"	"Oui, y compris à temps complet"	"Assistant(e) de projet"	""	"1"	"5 - Très satisfait"	""	"X"	""	"21410"	""	"RTT, Tickets restau, Navigo 50%"	"0 - Pas du tout satisfait"
"76"	"26/01/2021 - 19:18"	"ENSAPL"	""	"2015"	"5"	"Normandie"	""	"Femme"	"0"	"C.A.U.E"	""	"11-25"	"Convention collective des CAUE"	""	""	""	""	""	""	""	""	"C.D.I"	"39"	"5 - Très satisfait"	"Oui, si flexbile"	"Chargé(e) d'étude"	""	"2"	"4"	"23380"	"X"	""	"23380"	""	"RTT, Tickets Restaurant, CNAS"	"2"
"77"	"27/01/2021 - 02:46"	"Gembloux"	""	"2019"	"2"	"Autre"	"Montreal (canada)"	"Homme"	"0"	"Agence de paysage"	""	"6-10"	"Code du travail (Sans convention)"	""	""	""	""	""	""	""	"X"	"C.D.D"	"37"	"3"	"Non, pas du tout"	"Chef(fe) de projet débutant"	""	"2"	"5 - Très satisfait"	"29298"	"X"	""	"2441"	""	""	"5 - Très satisfait"
"78"	"27/01/2021 - 15:41"	"INSA-CVL-ENP (ex: ENSNP)"	""	"2018"	"2"	"Auvergne-Rhône-Alpes"	""	"Homme"	"0"	"Agence de paysage"	""	"2-5"	"Code du travail (Sans convention)"	""	""	""	""	""	""	""	""	"C.D.I"	"38"	"3"	"Oui, si flexbile"	"Chef(fe) de projet"	""	"2"	"4"	"16410"	"X"	""	"16410"	""	""	"0 - Pas du tout satisfait"
"79"	"27/01/2021 - 16:11"	"ENSAPBX"	""	"1991"	"20"	"Pays de la Loire"	""	"Femme"	"2"	"Agence de paysage"	""	"2-5"	"Syntec: Convention collective nationale des bureaux d'études techniques, des cabinets d'ingénieurs-conseils et des sociétés de conseils"	""	""	""	""	""	""	""	""	"Dirigeant de SARL"	"45"	"3"	"Non, pas du tout"	"Directeur(trice)/Dirigeant(e) de société"	""	"12"	"4"	""	""	"X"	""	"30000.00"	""	"3"
"80"	"28/01/2021 - 18:37"	"ENSP Versailles"	""	"2007"	"14"	"Pays de la Loire"	""	""	"2"	"Agence de paysage"	""	"2-5"	"Convention collective nationale des entreprises d'architecture"	""	""	""	""	""	""	""	""	"C.D.I"	"35"	"3"	"Oui, si flexbile"	"Chef(fe) de projet"	""	"7"	"4"	""	"X"	""	"28600"	""	""	"3"
"81"	"28/01/2021 - 19:13"	"ENSAPBX"	""	"2017"	"3"	"Grand Est"	""	"Femme"	"0"	"Fonction publique"	"Communauté de Communes "	"51-200"	"Fonction publique territoriale"	""	""	""	""	"X"	""	""	""	"Contractuel dans la fonction publique"	"42"	"3"	"Oui, y compris à temps complet"	"Chef(fe) de projet"	""	"1"	"4"	"18664"	"X"	""	"19948"	""	"RTT, Tickets restaurants, CE"	"2"
"82"	"28/01/2021 - 19:17"	"ENSP Versailles"	""	"2012"	"6"	"Paris"	""	"Homme"	"1"	"Agence de paysage"	"CDI"	"26-50"	"Convention collective nationale des entreprises du paysage"	""	""	""	""	""	""	""	""	"C.D.I"	"39"	"4"	"Oui, si flexbile"	"Chef(fe) de projet"	""	"6"	"4"	""	"X"	""	"30000"	""	""	"5 - Très satisfait"
"83"	"28/01/2021 - 22:40"	"ENSP Versailles"	""	"2014"	"7"	"Normandie"	""	"Homme"	"1"	"Fonction publique"	"commune"	"1001-..."	"Fonction publique"	""	""	""	""	"X"	""	""	""	"C.D.D"	"35"	"5 - Très satisfait"	"Oui, si flexbile"	"Responsable d'équipe"	""	"7"	"2"	"24600"	"X"	"X"	"24600"	"5000"	"CE"	"4"
"84"	"30/01/2021 - 16:52"	"ENSP Versailles"	""	"2016"	"4"	"Île-de-France"	""	"Femme"	"0"	"Fonction publique"	""	"51-200"	"Fonction publique"	""	""	""	""	""	""	""	""	"C.D.D"	"39"	"3"	"Oui, si flexbile"	"Chargé(e) d'étude confirmé"	""	"2"	"4"	"20400"	"X"	"X"	"20400"	""	""	"2"
"85"	"31/01/2021 - 18:22"	"Agrocampus Ouest (INH)"	""	"2014"	"5"	"Hauts-de-France"	""	"Femme"	"0"	"Freelance / Indépendant"	"Micro entreprise"	"1"	"Code du travail (Sans convention)"	""	""	""	""	""	""	""	""	"Micro-entrepreneur (ME / Auto-entrepreneur)"	"38"	"4"	"Oui, si flexbile"	"Autre"	"Chargée de projet et cheffe d'entreprise"	"1"	"5 - Très satisfait"	"13564"	"X"	"X"	"5400"	"8184"	"Aucun"	"0 - Pas du tout satisfait"
"86"	"01/02/2021 - 10:26"	"ENSAPBX"	""	"2018"	"2"	"Pays de la Loire"	""	"Femme"	"0"	"C.A.U.E"	""	"11-25"	"Convention collective des CAUE"	""	""	""	""	""	""	""	""	"C.D.I"	"35"	"5 - Très satisfait"	"Oui, si flexbile"	"Chargé(e) d'étude"	""	"2"	"4"	""	"X"	""	"27695"	""	"RTT, tickets restaurants, 13e mois, épargne salariale"	"5 - Très satisfait"
"87"	"01/02/2021 - 19:53"	"Agrocampus Ouest (INH)"	""	"2007"	"14"	"Hauts-de-France"	""	"Femme"	"2"	"Fonction publique"	""	"1001-..."	"Fonction publique territoriale"	""	""	""	""	""	""	""	""	"Fonctionnaire"	"39"	"5 - Très satisfait"	"Oui, si flexbile"	"Chef(fe) de projet confirmé"	""	"5"	"5 - Très satisfait"	"42892"	"X"	""	""	""	"RTT, CE"	"5 - Très satisfait"
"88"	"02/02/2021 - 10:31"	"INSA-CVL-ENP (ex: ENSNP)"	""	"2010"	"10"	"Paris"	""	"Femme"	"0"	"Groupe"	"Société de Conseil"	"51-200"	"Syntec: Convention collective nationale des bureaux d'études techniques, des cabinets d'ingénieurs-conseils et des sociétés de conseils"	""	""	""	""	""	""	""	""	"C.D.I"	"39"	"4"	"Oui, si flexbile"	"Autre"	"Ingenieur d'affaires"	"1"	"4"	"28900"	"X"	""	"28900"	""	"RTT, tickets restaurants "	"4"
"89"	"02/02/2021 - 16:13"	"Lullier"	""	"2011"	"5"	"Auvergne-Rhône-Alpes"	""	"Homme"	"0"	"Entreprise de réalisation"	""	"1001-..."	"Convention collective nationale des entreprises du paysage"	""	""	""	""	""	""	""	""	"C.D.I"	"39"	"3"	"Oui, si flexbile"	"Dessinateur(trice) projeteur"	""	"3"	"4"	"24123"	"X"	""	"24123"	""	"RTT et tickets restaurants"	"3"
"90"	"03/02/2021 - 11:33"	"ENSAPL"	""	"2016"	"3"	"Occitanie"	""	"Homme"	"0"	"Agence de paysage"	""	"6-10"	"Convention collective nationale des entreprises d'architecture"	""	""	""	""	""	""	""	""	"C.D.I"	"35"	"1"	"Oui, si flexbile"	"Assistant(e) de projet"	""	"3"	"3"	"25440"	"X"	""	"25440"	""	""	"2"
"91"	"03/02/2021 - 12:40"	"Gembloux"	""	"2016"	"5"	"Autre"	"belgique"	"Homme"	"0"	"Bureau d'études"	"http://www.drea2m.be/"	"26-50"	"Je ne sais pas"	""	""	""	""	""	""	""	""	"Micro-entrepreneur (ME / Auto-entrepreneur)"	"38"	"2"	"Oui, si flexbile"	"Assistant(e) de projet"	""	"5"	"2"	"20000"	"X"	"X"	"20000"	"29000"	"aucun"	"1"
"92"	"04/02/2021 - 17:30"	"ENSAPBX"	""	"2012"	"9"	"Nouvelle-Aquitaine"	""	"Femme"	"2"	"Bureau d'études"	"SCOP"	"2-5"	"Syntec: Convention collective nationale des bureaux d'études techniques, des cabinets d'ingénieurs-conseils et des sociétés de conseils"	""	""	""	""	""	""	""	""	"C.D.I"	"34"	"5 - Très satisfait"	"Oui, si flexbile"	"Chef(fe) de projet"	""	"0"	"5 - Très satisfait"	"25200"	"X"	""	"21000"	""	""	"3"
"93"	"07/02/2021 - 21:06"	"Agrocampus Ouest (INH)"	""	"2015"	"4"	"Grand Est"	""	"Femme"	"0"	"Bureau d'études"	""	"2-5"	"Syntec: Convention collective nationale des bureaux d'études techniques, des cabinets d'ingénieurs-conseils et des sociétés de conseils"	""	""	""	""	""	""	""	""	"C.D.I"	"39"	"1"	"Oui, y compris à temps complet"	"Responsable d'agence / bureaux"	""	"4"	"4"	"32500"	"X"	""	"32000"	""	"Tickets restaurant, voiture, téléphone, cadeau de fin d’année"	"5 - Très satisfait"
"94"	"08/02/2021 - 13:47"	"Agrocampus Ouest (INH)"	""	"2011"	"10"	"Bretagne"	""	"Femme"	"0"	"Agence de paysage"	""	"2-5"	"Syntec: Convention collective nationale des bureaux d'études techniques, des cabinets d'ingénieurs-conseils et des sociétés de conseils"	""	""	""	""	""	""	""	""	"C.D.I"	"35"	"5 - Très satisfait"	"Non, uniquement pour le premier confinement"	"Chargé(e) d'étude confirmé"	""	"10"	"4"	"31500"	"X"	""	"31500"	""	""	"4"
"95"	"08/02/2021 - 14:34"	"ENSP Versailles"	""	"2010"	"10"	"Auvergne-Rhône-Alpes"	""	"Femme"	"0"	"Agence de paysage"	"Chargée d'études"	"2-5"	"Code du travail (Sans convention)"	""	""	""	""	""	""	""	""	"C.D.I"	"35"	"4"	"Oui, si flexbile"	"Chargé(e) d'étude confirmé"	""	"9"	"4"	"20990"	"X"	""	"20990"	""	"Aucun"	"2"
"96"	"08/02/2021 - 16:40"	"Agrocampus Ouest (INH)"	""	"2017"	"3"	"Autre"	"Royaume-Uni"	"Femme"	"0"	"Agence de paysage"	""	"2-5"	"Je ne sais pas"	""	""	""	""	""	""	""	""	"C.D.I"	"40"	"4"	"Oui, si flexbile"	"Chargé(e) d'étude"	""	"3"	"5 - Très satisfait"	""	"X"	""	"28265"	""	"Bonus de fin d'annee, ordinateur pour télétravail etc. "	"4"
"97"	"20/02/2021 - 19:14"	"Lullier"	""	"2016"	"4"	"Auvergne-Rhône-Alpes"	""	"Femme"	"0"	"Agence de paysage"	""	"6-10"	"Convention collective nationale des entreprises d'architecture"	""	""	""	""	""	""	""	""	"C.D.I"	"39"	"1"	"Oui, si flexbile"	"Chargé(e) d'étude"	""	"4"	"2"	"18758"	"X"	""	"18758"	""	""	"0 - Pas du tout satisfait"
"98"	"03/03/2021 - 10:37"	"Autre"	"Licence AP"	"2012"	"16"	"Île-de-France"	""	"Femme"	"0"	"Freelance / Indépendant"	""	"1"	"Code du travail (Sans convention)"	""	""	""	""	""	""	""	""	"Micro-entrepreneur (ME / Auto-entrepreneur)"	"25"	"4"	"Oui, y compris à temps complet"	"Autre"	"Paysagiste-conceptrice "	"16"	"5 - Très satisfait"	""	"X"	"X"	"1350"	"1800"	"Souplesse des horaires, choix des projets, mi-temps"	"3"
"99"	"03/03/2021 - 22:11"	"ENSAPL"	""	"2019"	"1"	"Hauts-de-France"	""	""	"0"	"Agence de paysage"	""	"6-10"	"Convention collective chambres de commerce et d'industrie"	""	""	""	""	""	""	""	""	"C.D.D"	"40"	"1"	"Non, exceptionnellement pour les deux confinements"	"Chargé(e) d'étude"	""	"1"	"2"	"18000"	"X"	""	"18000"	""	""	"1"
"100"	"17/03/2021 - 16:45"	"ENSAPBX"	""	"2018"	"2"	"Occitanie"	""	"Homme"	"0"	"Bureau d'études"	"Bureau d'études paysagères"	"2-5"	"Syntec: Convention collective nationale des bureaux d'études techniques, des cabinets d'ingénieurs-conseils et des sociétés de conseils"	""	""	""	""	""	""	""	""	"C.D.I"	"35"	"3"	"Oui, y compris à temps complet"	"Chargé(e) d'étude débutant"	""	"2"	"4"	""	"X"	""	"24000"	""	"tickets restaurants"	"3"
"101"	"22/03/2021 - 21:05"	"Agrocampus Ouest (INH)"	""	"2012"	"8"	"Bretagne"	""	"Homme"	"0"	"Agence de paysage"	"Urbanisme et Paysage"	"2-5"	"Syntec: Convention collective nationale des bureaux d'études techniques, des cabinets d'ingénieurs-conseils et des sociétés de conseils"	""	""	""	""	""	""	""	""	"C.D.I"	"39"	"3"	"Oui, si flexbile"	"Chargé(e) d'étude"	""	"1"	"5 - Très satisfait"	"24000"	""	""	""	""	""	"4"
"102"	"24/03/2021 - 11:23"	"ENSAPL"	""	"2015"	"5"	"Nouvelle-Aquitaine"	""	"Femme"	"0"	"Agence de paysage"	""	"26-50"	"Je ne sais pas"	""	""	""	""	""	""	""	""	"C.D.D"	"39"	"2"	"Oui, si flexbile"	"Chef(fe) de projet débutant"	""	"1"	"2"	"23100"	"X"	""	"23100"	""	"-"	"2"
"103"	"28/03/2021 - 19:09"	"ENSAPL"	""	"2014"	"5"	"Hauts-de-France"	""	"Homme"	"0"	"Fonction publique"	"Commune de 100 000 hab."	"51-200"	"Fonction publique territoriale"	""	""	""	""	""	""	""	""	"Fonctionnaire"	"49"	"2"	"Oui, si flexbile"	"Directeur(trice)/Dirigeant(e) de société"	""	"1"	"3"	"35328"	"X"	""	""	""	""	"2"
"104"	"30/03/2021 - 15:03"	"ENSAPL"	""	"2010"	"11"	"Île-de-France"	""	"Homme"	"2"	"Bureau d'études"	""	"26-50"	"Syntec: Convention collective nationale des bureaux d'études techniques, des cabinets d'ingénieurs-conseils et des sociétés de conseils"	""	""	""	""	""	""	""	""	"C.D.I"	"45"	"4"	"Non, pas du tout"	"Responsable d'équipe"	""	"2"	"4"	"50000"	"X"	""	"50000"	""	"moto de fonction"	"4"
"105"	"30/03/2021 - 15:27"	"ENSAPL"	""	"2018"	"3"	"Paris"	""	"Femme"	"0"	"Agence de paysage"	""	"26-50"	"Je ne sais pas"	""	""	""	""	""	""	""	""	"C.D.I"	"33"	"4"	"Oui, si flexbile"	"Assistant(e) de projet"	""	"2"	"2"	""	"X"	""	"20791"	""	"Ticket restau"	"1"
"106"	"10/04/2021 - 15:24"	"ENSP Versailles"	""	"2015"	"4"	"Paris"	""	"Homme"	"0"	"Agence d'architecture"	"Atelier de paysage intégré à l'agence d'architecture"	"51-200"	"Syntec: Convention collective nationale des bureaux d'études techniques, des cabinets d'ingénieurs-conseils et des sociétés de conseils"	""	""	""	""	""	""	""	""	"C.D.I"	"37.5"	"3"	"Oui, y compris à temps complet"	"Assistant(e) de projet"	""	"4"	"3"	"32841"	"X"	""	"2298"	""	"RTT, Tickets restaurants, CSE, Forfait mobilité douces/Navigo/Vélib 100%"	"0 - Pas du tout satisfait"
"107"	"14/04/2021 - 10:18"	"ENSAPL"	""	"2016"	"5"	"Centre-Val de Loire"	""	"Femme"	"0"	"Fonction publique"	"Métropole de + 110 000 habitants"	"501-1000"	"Fonction publique territoriale"	""	""	""	""	""	""	""	""	"Fonctionnaire"	"39"	"5 - Très satisfait"	"Oui, si flexbile"	"Chargé(e) d'opération"	""	"5"	"3"	"25000"	"X"	""	"25000"	""	"RTT, mutuelle avec participation employeur, CNAS"	"4"
"108"	"18/04/2021 - 16:23"	"ENSAPL"	""	"2017"	"3"	"Hauts-de-France"	""	"Femme"	"0"	"Fonction publique"	"Office National des Forêts"	"1001-..."	"Je ne sais pas"	""	""	""	""	""	""	""	""	"C.D.I"	"39"	"3"	"Oui, si flexbile"	"Chargé(e) d'étude confirmé"	""	"3"	"3"	"25430"	"X"	""	"1990"	""	"RTT, CE, voiture de fonction pour les déplacements"	"3"
"109"	"18/04/2021 - 17:57"	"ENSAPL"	""	"2018"	"3"	"Bretagne"	""	"Femme"	"0"	"Bureau d'études"	""	"26-50"	"Syntec: Convention collective nationale des bureaux d'études techniques, des cabinets d'ingénieurs-conseils et des sociétés de conseils"	""	""	""	""	""	""	""	""	"C.D.I"	"40"	"3"	"Oui, si flexbile"	"Chef(fe) de projet débutant"	""	"1"	"4"	"22500"	"X"	""	""	""	"RTT, CE, Tickets restaurants, Chèque vacance "	"3"
"110"	"18/04/2021 - 18:08"	"Autre"	"Architecture et scénographie "	"2018"	"5"	"Nouvelle-Aquitaine"	""	"Homme"	"0"	"Agence de paysage"	""	"51-200"	"Code du travail (Sans convention)"	""	""	""	""	""	""	""	""	"C.D.D"	"39"	"1"	"Oui, si flexbile"	"Chargé(e) d'étude"	""	"1"	"3"	"28000"	"X"	""	""	""	"Aucun"	"3"
"111"	"20/04/2021 - 08:47"	"ENSAPL"	""	"2019"	"1"	"Hauts-de-France"	""	"Femme"	"0"	"Bureau d'études"	""	"6-10"	"Convention collective nationale des entreprises du paysage"	""	""	""	""	""	""	""	""	"C.D.D"	"40"	"1"	"Oui, si flexbile"	"Chef(fe) de projet débutant"	""	"1"	"3"	"18060"	"X"	""	"18060"	""	""	"1"
"112"	"02/05/2021 - 12:23"	"Lullier"	""	"2016"	"4"	"Auvergne-Rhône-Alpes"	""	"Femme"	"0"	"Agence de paysage"	""	"11-25"	"Convention collective nationale des entreprises d'architecture"	""	""	""	""	""	""	""	""	"C.D.I"	"39"	"4"	"Oui, si flexbile"	"Chargé(e) d'étude"	""	"4"	"3"	"18758"	"X"	""	"18758"	""	""	"2"
"113"	"09/05/2021 - 13:01"	"ENSAPL"	""	"2018"	"2"	"Paris"	""	"Femme"	"0"	"Agence d'architecture"	""	"51-200"	"Convention collective nationale des entreprises d'architecture"	""	""	""	""	""	""	""	""	"C.D.D"	"39"	"3"	"Oui, si flexbile"	"Assistant(e) de projet"	""	"0"	"4"	""	"X"	""	"20809"	""	"ticket restaurants"	"4"
"114"	"24/05/2021 - 23:18"	"ENSAPL"	""	"2009"	"12"	"Paris"	""	"Homme"	"0"	"Agence de paysage"	"Structure pluridisciplinaire Archi,urba, paysage"	"51-200"	"Syntec: Convention collective nationale des bureaux d'études techniques, des cabinets d'ingénieurs-conseils et des sociétés de conseils"	""	""	""	""	""	""	""	""	"C.D.I"	"39"	"4"	"Oui, si flexbile"	"Responsable d'équipe"	""	"1"	"4"	"49000"	"X"	""	""	""	"Tickets resto, mutuelle avantageuse"	"3"
"115"	"28/05/2021 - 11:46"	"ENSAPL"	""	"2011"	"10"	"Île-de-France"	""	"Homme"	"1"	"Agence d'architecture"	"sarl"	"11-25"	"Convention collective nationale des entreprises d'architecture"	"X"	""	""	""	""	"X"	""	""	"C.D.D"	"24"	"4"	"Oui, si flexbile"	"Chef(fe) de projet"	""	"0"	"4"	"26000"	"X"	""	"26000"	""	"tickets restaurant uniquement"	"3"
"116"	"27/06/2021 - 18:33"	"INSA-CVL-ENP (ex: ENSNP)"	""	"2020"	"1"	"Nouvelle-Aquitaine"	""	"Homme"	"0"	"Agence d'architecture"	"Agence d'architecture et d'espace public"	"2-5"	"Code du travail (Sans convention)"	""	""	""	""	""	""	""	""	"C.D.D"	"35"	"5 - Très satisfait"	"Oui, si flexbile"	"Chargé(e) d'étude débutant"	""	"1"	"4"	"18600"	"X"	""	"18600"	""	""	"3"
"117"	"06/07/2021 - 10:42"	"INSA-CVL-ENP (ex: ENSNP)"	""	"2018"	"3"	"Bourgogne-Franche-Comté"	""	"Femme"	"0"	"Agence de paysage"	""	"2-5"	"Convention collective nationale des entreprises d'architecture"	""	""	""	""	""	""	""	""	"C.D.I"	"35"	"4"	"Oui, si flexbile"	"Chargé(e) d'étude"	""	"3"	"4"	"20644"	"X"	""	"20644"	""	""	"3"
"118"	"06/07/2021 - 10:43"	"Gembloux"	""	"2020"	"2"	"Autre"	"Bruxelles"	"Homme"	"0"	"Bureau d'études"	"Bureau d'infrastructure routière"	"11-25"	"Je ne sais pas"	""	""	""	""	""	""	""	""	"C.D.I"	"40"	"4"	"Oui, si flexbile"	"Dessinateur(trice) projeteur"	""	"1"	"2"	"22344"	"X"	""	""	""	"Rtt, tickets restaurants, primes vacances, primes fin d'année, frais de déplacement"	"4"
"119"	"06/07/2021 - 10:44"	"Lullier"	""	"2011"	"10"	"Auvergne-Rhône-Alpes"	""	"Homme"	"2"	"Agence de paysage"	""	"2-5"	"Convention collective nationale des entreprises d'architecture"	""	""	""	""	""	""	""	""	"Dirigeant de SARL"	"45"	"4"	"Non, pas du tout"	"Directeur(trice)/Dirigeant(e) de société"	""	"10"	"5 - Très satisfait"	"16559"	"X"	""	"16559"	""	""	"2"
"120"	"06/07/2021 - 10:45"	"ENSP Versailles"	""	"2017"	"4"	"Île-de-France"	""	"Homme"	"0"	"Freelance / Indépendant"	"Micro entreprise"	"1"	"Je ne sais pas"	""	""	""	""	""	""	""	""	"Micro-entrepreneur (ME / Auto-entrepreneur)"	"39"	"3"	"Oui, si flexbile"	"Autre"	"Paysagiste concepteur"	"4"	"4"	""	"X"	""	"23500"	""	"0"	"2"
"121"	"06/07/2021 - 10:45"	"Agrocampus Ouest (INH)"	""	"2012"	"9"	"Hauts-de-France"	""	"Femme"	"1"	"Agence de paysage"	""	"2-5"	"Convention collective nationale des entreprises d'architecture"	""	""	""	""	""	""	""	""	"C.D.I"	"39"	"4"	"Oui, si flexbile"	"Chargé(e) d'étude confirmé"	""	"9"	"3"	"18945"	"X"	""	"18479"	""	"RTT cheques dejeuner"	"3"
"122"	"06/07/2021 - 10:46"	"ENSP Versailles - Formation continue"	""	"2007"	"13"	"Île-de-France"	""	"Femme"	"0"	"Agence de paysage"	""	"1"	"Convention collective nationale des entreprises d'architecture"	""	""	""	""	""	""	""	""	"C.D.I"	"48"	"2"	"Oui, si flexbile"	"Chef(fe) de projet confirmé"	""	"5"	"3"	"30000"	"X"	""	"30000"	""	"TR+1j RTT par mois"	"2"
"123"	"06/07/2021 - 10:46"	"Lullier"	""	"2009"	"13"	"Paris"	""	""	"1"	"Agence d'architecture"	""	"11-25"	"Convention collective nationale des entreprises d'architecture"	"X"	""	""	""	""	""	""	""	"C.D.I"	"35"	"4"	"Oui, si flexbile"	"Chef(fe) de projet confirmé"	""	"8"	"3"	"69000"	"X"	""	"68500"	""	"Ticket resto - téléphone "	"4"
"124"	"06/07/2021 - 10:48"	"Lullier"	""	"2008"	"13"	"Auvergne-Rhône-Alpes"	""	"Homme"	"1"	"Agence de paysage"	"Agence de paysage / projet de MOE public et privé"	"11-25"	"Syntec: Convention collective nationale des bureaux d'études techniques, des cabinets d'ingénieurs-conseils et des sociétés de conseils"	""	""	""	""	""	""	""	""	"C.D.I"	"45"	"4"	"Oui, si flexbile"	"Chef(fe) de projet"	""	"10"	"5 - Très satisfait"	"31000"	"X"	""	"31000"	""	"Ticket restaurant / Intéressement / mutuelle entreprise ++"	"4"
"125"	"06/07/2021 - 10:49"	"ENSP Versailles"	""	"2013"	"7"	"Nouvelle-Aquitaine"	""	"Femme"	"0"	"Agence de paysage"	"MICROENTREPRISE"	"1"	"Je ne sais pas"	""	""	""	""	""	""	""	""	"Micro-entrepreneur (ME / Auto-entrepreneur)"	"39"	"4"	"Non, exceptionnellement pour les deux confinements"	"Directeur(trice)/Dirigeant(e) de société"	""	"5"	"5 - Très satisfait"	"23000"	""	"X"	""	"23000"	""	"3"
"126"	"06/07/2021 - 10:49"	"Agrocampus Ouest (INH)"	""	"2009"	"12"	"Normandie"	""	"Homme"	"0"	"C.A.U.E"	""	"11-25"	"Convention collective des CAUE"	""	""	""	""	""	""	""	""	"C.D.I"	"39"	"4"	"Oui, si flexbile"	"Chargé(e) d'étude"	""	"11"	"4"	"33514"	"X"	""	"25038"	""	"RTT, tickets restaurant, PEE"	"3"
"127"	"06/07/2021 - 10:50"	"INSA-CVL-ENP (ex: ENSNP)"	""	"2018"	"3"	"Pays de la Loire"	""	"Femme"	"0"	"Bureau d'études"	"urbanisme planification"	"2-5"	"Syntec: Convention collective nationale des bureaux d'études techniques, des cabinets d'ingénieurs-conseils et des sociétés de conseils"	""	""	""	""	"X"	""	""	""	"C.D.I"	"39"	"3"	"Oui, si flexbile"	"Chargé(e) d'étude"	""	"1"	"4"	"22800"	"X"	""	"22800"	""	""	"4"
"128"	"06/07/2021 - 10:54"	"ENSP Marseille"	""	"2012"	"8"	"Bretagne"	""	"Femme"	"0"	"Agence de paysage"	""	"1"	"Convention collective nationale des entreprises d'architecture"	""	""	""	""	""	""	""	""	"Dirigeant d'entreprise salarié"	"40"	"3"	"Oui, si flexbile"	"Directeur(trice)/Dirigeant(e) de société"	""	"6"	"3"	"12595"	"X"	""	"12595"	""	""	"1"
"129"	"06/07/2021 - 10:57"	"Autre"	""	"1995"	"13"	"Grand Est"	""	"Femme"	"2"	"Bureau d'études"	""	"1"	"Je ne sais pas"	""	""	""	""	""	""	""	""	"Micro-entrepreneur (ME / Auto-entrepreneur)"	"39"	"5 - Très satisfait"	"Oui, y compris à temps complet"	"Paysagiste conseil"	""	"13"	"5 - Très satisfait"	"40600"	""	"X"	""	"40600"	""	"5 - Très satisfait"
"130"	"06/07/2021 - 10:58"	"Agrocampus Ouest (INH)"	""	"2008"	"13"	"Pays de la Loire"	""	"Homme"	"05"	"Groupe"	"Parc de loisir"	"201-500"	"Je ne sais pas"	""	""	""	""	""	""	""	""	"C.D.I"	"35"	"4"	"Non, pas du tout"	"Chef(fe) de projet"	""	"4"	"4"	"36000"	"X"	""	""	""	""	"4"
"131"	"06/07/2021 - 11:07"	"ENSAPBX"	""	"2009"	"13"	"Bretagne"	""	"Femme"	"1"	"Agence de paysage"	""	"2-5"	"Convention collective nationale des entreprises d'architecture"	"X"	""	""	""	""	""	""	""	"Dirigeant de SARL"	"45"	"2"	"Oui, si flexbile"	"Directeur(trice)/Dirigeant(e) de société"	""	"7"	"5 - Très satisfait"	"20400"	"X"	""	""	""	"Rien"	"3"
"132"	"06/07/2021 - 11:07"	"ESAJ"	""	"2009"	"10"	"Île-de-France"	""	"Femme"	"0"	"Agence de paysage"	"Micro-entreprise"	"1"	"Je ne sais pas"	"X"	""	""	""	""	""	""	""	"Micro-entrepreneur (ME / Auto-entrepreneur)"	"50"	"1"	"Oui, y compris à temps complet"	"Directeur(trice)/Dirigeant(e) de société"	""	"11"	"4"	"29300"	"X"	"X"	"20291"	"20291"	"Aucun"	"0 - Pas du tout satisfait"
"133"	"06/07/2021 - 11:10"	"ENSP Versailles"	""	"2008"	"12"	"Pays de la Loire"	""	"Homme"	"4"	"Agence de paysage"	"SCOP"	"2-5"	"Convention collective nationale des entreprises d'architecture"	"X"	""	""	""	""	""	""	""	"C.D.I"	"70"	"0 - Pas du tout satisfait"	"Oui, si flexbile"	"Responsable d'agence / bureaux"	""	"8"	"3"	"28718"	"X"	""	"24835"	""	"Tickets restaurants 120€/mois "	"1"
"134"	"06/07/2021 - 11:12"	"Agrocampus Ouest (INH)"	""	"2014"	"7"	"Bretagne"	""	"Femme"	"1"	"Entreprise de réalisation"	""	"51-200"	"Convention collective agricole"	""	""	""	""	""	""	""	""	"C.D.I"	"39"	"4"	"Oui, y compris à temps complet"	"Autre"	"Responsable prescription et grands comptes"	"6"	"4"	""	"X"	""	"25200"	""	"voiture de fonction"	"4"
"135"	"06/07/2021 - 11:12"	"Gembloux"	""	"2018"	"1"	"Île-de-France"	""	"Homme"	"0"	"Entreprise de réalisation"	""	"6-10"	"Je ne sais pas"	""	""	""	""	""	""	""	""	"C.D.I"	"39"	"3"	"Oui, si flexbile"	"Chargé(e) d'étude débutant"	""	"0"	"2"	"8826"	"X"	""	""	""	""	"4"
"136"	"06/07/2021 - 11:14"	"ESAJ"	""	"2005"	"15"	"Île-de-France"	""	"Homme"	"1"	"Fonction publique"	"Service technique"	"26-50"	"Fonction publique territoriale"	""	""	""	""	""	""	""	""	"C.D.D"	"39"	"5 - Très satisfait"	"Oui, si flexbile"	"Autre"	"adjoint responsable de service"	"1"	"5 - Très satisfait"	"23000"	"X"	""	"23000"	""	"CE, RTT, "	"1"
"137"	"06/07/2021 - 11:14"	"ENSAPBX"	""	"2001"	"20"	"Nouvelle-Aquitaine"	""	"Femme"	"1"	"Agence de paysage"	"SARL"	"2-5"	"Je ne sais pas"	"X"	""	"X"	""	""	""	""	""	"Dirigeant de SARL"	"50"	"2"	"Oui, si flexbile"	"Responsable d'agence / bureaux"	""	"19"	"4"	"17000"	""	"X"	""	""	""	"1"
"138"	"06/07/2021 - 11:14"	"ENSP Versailles"	""	"2001"	"20"	"Auvergne-Rhône-Alpes"	""	"Femme"	"1"	"Bureau d'études"	"bureau d'études en environnement"	"6-10"	"Syntec: Convention collective nationale des bureaux d'études techniques, des cabinets d'ingénieurs-conseils et des sociétés de conseils"	""	""	""	""	""	""	""	""	"C.D.I"	"37"	"3"	"Oui, si flexbile"	"Chef(fe) de projet confirmé"	""	"11"	"3"	"27000"	"X"	""	"27000"	""	"aucun"	"2"
"139"	"06/07/2021 - 11:16"	"Lullier"	""	"2008"	"16"	"Pays de la Loire"	""	"Homme"	"2"	"Agence de paysage"	"Pôle paysage au sein d'un be ingéniérie"	"201-500"	"Syntec: Convention collective nationale des bureaux d'études techniques, des cabinets d'ingénieurs-conseils et des sociétés de conseils"	""	""	""	""	""	""	""	""	"C.D.I"	"35"	"5 - Très satisfait"	"Oui, si flexbile"	"Chef(fe) de projet confirmé"	""	"4"	"1"	"32000"	"X"	""	""	""	"rtt, tickets restaurant, ce, primes, voitures de sociétés"	"3"
"140"	"06/07/2021 - 11:27"	"ESAJ"	""	"2009"	"14"	"Île-de-France"	""	"Homme"	"2"	"Agence de paysage"	""	"2-5"	"Convention collective nationale des entreprises d'architecture"	"X"	""	""	"X"	""	""	""	""	"C.D.I"	"39"	"5 - Très satisfait"	"Non, uniquement pour le premier confinement"	"Responsable d'agence / bureaux"	""	"7"	"5 - Très satisfait"	"34320"	"X"	""	"34320"	""	"Aucun"	"4"
"141"	"06/07/2021 - 11:36"	"Gembloux"	""	"2004"	"17"	"Normandie"	""	"Homme"	"04"	"Agence de paysage"	"Sarl au KS de 50  000€"	"2-5"	"Convention collective nationale des entreprises du paysage"	"X"	""	""	""	""	""	""	""	"Dirigeant de SARL"	"50"	"0 - Pas du tout satisfait"	"Oui, y compris à temps complet"	"Directeur(trice)/Dirigeant(e) de société"	""	"10"	"4"	"35000"	"X"	"X"	""	""	""	"3"
"142"	"06/07/2021 - 11:36"	"ENSP Versailles"	""	"2006"	"14"	"Auvergne-Rhône-Alpes"	""	"Femme"	"2"	"Agence de paysage"	""	"11-25"	"Syntec: Convention collective nationale des bureaux d'études techniques, des cabinets d'ingénieurs-conseils et des sociétés de conseils"	""	""	""	""	""	""	""	""	"C.D.I"	"31"	"5 - Très satisfait"	"Oui, si flexbile"	"Chef(fe) de projet confirmé"	""	"11"	"5 - Très satisfait"	""	"X"	""	"13862"	""	"tickets restaurants, interessement"	"3"
"143"	"06/07/2021 - 11:36"	"ENSP Versailles"	""	"2010"	"11"	"La Réunion"	""	"Femme"	"2"	"Freelance / Indépendant"	""	"1"	"Code du travail (Sans convention)"	""	""	""	""	"X"	""	""	""	"Micro-entrepreneur (ME / Auto-entrepreneur)"	"39"	"3"	"Oui, si flexbile"	"Chef(fe) de projet confirmé"	""	"1"	"4"	"22000"	""	"X"	""	"12000"	""	"2"
"144"	"06/07/2021 - 11:49"	"ENSAPBX"	""	"2003"	"15"	"Nouvelle-Aquitaine"	""	"Femme"	"2"	"Agence de paysage"	""	"1"	"Je ne sais pas"	""	""	""	""	""	""	""	""	"Micro-entrepreneur (ME / Auto-entrepreneur)"	"36"	"5 - Très satisfait"	"Oui, si flexbile"	"Chargé(e) d'affaires / d'opérations / de missions"	""	"15"	"5 - Très satisfait"	"61604"	"X"	"X"	""	""	""	"5 - Très satisfait"
"145"	"06/07/2021 - 11:51"	"Agrocampus Ouest (INH)"	""	"2011"	"10"	"Bretagne"	""	"Femme"	"0"	"Agence de paysage"	""	"2-5"	"Syntec: Convention collective nationale des bureaux d'études techniques, des cabinets d'ingénieurs-conseils et des sociétés de conseils"	""	""	""	""	""	""	""	""	"C.D.I"	"35"	"4"	"Oui, si flexbile"	"Chargé(e) d'étude confirmé"	""	"10"	"3"	"38500"	"X"	""	"38500"	""	""	"3"
"146"	"06/07/2021 - 11:57"	"ENSP Marseille"	""	"2018"	"2"	"Paris"	""	"Homme"	"0"	"Bureau d'études"	""	"51-200"	"Syntec: Convention collective nationale des bureaux d'études techniques, des cabinets d'ingénieurs-conseils et des sociétés de conseils"	""	""	""	""	""	""	""	""	"C.D.I"	"35"	"3"	"Oui, si flexbile"	"Chargé(e) d'étude"	""	"2"	"2"	"20400"	"X"	""	"20400"	""	"TR"	"2"
"147"	"06/07/2021 - 12:01"	"ESAJ"	""	"1996"	"25"	"Île-de-France"	""	"Je ne souhaite pas répondre"	"2"	"Bureau d'études"	""	"2-5"	"Syntec: Convention collective nationale des bureaux d'études techniques, des cabinets d'ingénieurs-conseils et des sociétés de conseils"	""	""	""	""	""	""	""	""	"Dirigeant de SARL"	"50"	"3"	"Oui, si flexbile"	"Autre"	"Gérant de SARL "	"25"	"4"	"50000"	"X"	""	"50000"	""	"Primes et dividendes"	"4"
"148"	"06/07/2021 - 12:02"	"ENSAPBX"	""	"2016"	"5"	"Hauts-de-France"	""	"Femme"	"0"	"Fonction publique"	"Communauté d'agglomération"	"1001-..."	"Fonction publique territoriale"	""	""	""	""	""	""	""	""	"C.D.D"	"39"	"4"	"Oui, si flexbile"	"Chargé(e) d'étude"	""	"2"	"5 - Très satisfait"	"26789"	"X"	""	"24900"	""	"RTT"	"4"
"149"	"06/07/2021 - 12:09"	"INSA-CVL-ENP (ex: ENSNP)"	""	"2006"	"15"	"Île-de-France"	""	"Homme"	"0"	"Agence de paysage"	""	"6-10"	"Syntec: Convention collective nationale des bureaux d'études techniques, des cabinets d'ingénieurs-conseils et des sociétés de conseils"	"X"	""	"X"	""	""	""	"X"	""	"Dirigeant de SARL"	"50"	"3"	"Oui, si flexbile"	"Directeur(trice)/Dirigeant(e) de société"	""	"13"	"3"	"58000"	""	""	""	""	""	"4"
"150"	"06/07/2021 - 12:18"	"ENSP Versailles"	""	"2012"	"9"	"Pays de la Loire"	""	"Homme"	"1"	"Agence de paysage"	""	"2-5"	"Convention collective nationale des entreprises d'architecture"	""	""	""	""	""	""	""	""	"C.D.I"	"35"	"4"	"Non, pas du tout"	"Chargé(e) d'étude confirmé"	""	"3"	"4"	"23500"	"X"	""	"23500"	""	""	"3"
"151"	"06/07/2021 - 12:20"	"INSA-CVL-ENP (ex: ENSNP)"	""	"2004"	"17"	"Paris"	""	"Homme"	"3"	"Agence de paysage"	"SARL"	"1"	"Convention collective nationale des entreprises d'architecture"	""	""	""	""	""	""	""	""	"Dirigeant de SARL"	"45"	"3"	"Oui, si flexbile"	"Directeur(trice)/Dirigeant(e) de société"	""	"8"	"5 - Très satisfait"	"24696"	""	"X"	""	""	""	"1"
"152"	"06/07/2021 - 12:20"	"ENSP Versailles"	""	"1999"	"21"	"Auvergne-Rhône-Alpes"	""	"Homme"	"3"	"Agence de paysage"	"sarl-u"	"1"	"Convention collective nationale des entreprises d'architecture"	"X"	""	""	""	""	""	"X"	""	"Dirigeant d'entreprise salarié"	"45"	"5 - Très satisfait"	"Oui, si flexbile"	"Directeur(trice)/Dirigeant(e) de société"	""	"1"	"5 - Très satisfait"	"33000"	"X"	""	"33000"	""	"récupération de TVA sur achats et frais"	"5 - Très satisfait"
"153"	"06/07/2021 - 12:35"	"Autre"	"Ceria Ipiat Bruxelles"	"1996"	"25"	"Hauts-de-France"	""	"Femme"	"0"	"Agence de paysage"	""	"6-10"	"Convention collective nationale des entreprises d'architecture"	"X"	""	""	""	""	""	""	""	"Dirigeant de SARL"	"50"	"5 - Très satisfait"	"Non, pas du tout"	"Directeur(trice)/Dirigeant(e) de société"	""	"17"	"5 - Très satisfait"	"56000"	""	"X"	""	"36400"	""	"3"
"154"	"06/07/2021 - 12:41"	"Autre"	"Université forestière de Sofia et Politechnique de Milan"	"2014"	"7"	"Île-de-France"	""	"Femme"	"0"	"Freelance / Indépendant"	"Autoentrepreneur"	"1"	"Je ne sais pas"	""	""	""	""	"X"	""	""	""	"Micro-entrepreneur (ME / Auto-entrepreneur)"	"10"	"5 - Très satisfait"	"Oui, y compris à temps complet"	"Chargé(e) d'étude confirmé"	""	"4"	"4"	""	""	"X"	""	"9763"	""	"2"
"155"	"06/07/2021 - 12:59"	"ENSP Versailles"	""	"2014"	"7"	"Normandie"	""	"Homme"	"1"	"Fonction publique"	"Mairie"	"1001-..."	"Fonction publique"	""	""	""	""	"X"	""	""	""	"Contractuel dans la fonction publique"	"34"	"5 - Très satisfait"	"Oui, si flexbile"	"Responsable d'équipe"	""	"7"	"3"	"25000"	"X"	""	"25000"	""	""	"3"
"156"	"06/07/2021 - 13:19"	"Autre"	""	"1997"	"22"	"Pays de la Loire"	""	"Homme"	"2"	"Agence de paysage"	""	"11-25"	"Syntec: Convention collective nationale des bureaux d'études techniques, des cabinets d'ingénieurs-conseils et des sociétés de conseils"	""	""	""	""	""	""	""	""	"C.D.I"	"43"	"3"	"Oui, si flexbile"	"Chef(fe) de projet confirmé"	""	"21"	"4"	"34122"	"X"	""	"34122"	""	"tickets restaurants"	"2"
"157"	"06/07/2021 - 13:23"	"ENSAPBX"	""	"2004"	"17"	"Paris"	""	"Homme"	"3"	"Bureau d'études"	"spécialisée en hydraulogie urbaine"	"11-25"	"Syntec: Convention collective nationale des bureaux d'études techniques, des cabinets d'ingénieurs-conseils et des sociétés de conseils"	""	""	""	""	""	""	""	""	"C.D.I"	"39"	"3"	"Oui, si flexbile"	"Chef(fe) de projet"	""	"4"	"4"	"34518"	"X"	""	""	""	"ticket retaurant"	"2"
"158"	"06/07/2021 - 13:42"	"ESAJ"	""	"1995"	"26"	"Paris"	""	"Femme"	"2"	"Agence de paysage"	""	"6-10"	"Convention collective nationale des entreprises d'architecture"	"X"	""	""	""	""	""	""	""	"C.D.I"	"35"	"2"	"Non, pas du tout"	"Directeur(trice)/Dirigeant(e) de société"	""	"26"	"3"	"40500"	"X"	""	"3375"	""	"tickets restaurant, pass navigo"	"2"
"159"	"06/07/2021 - 14:12"	"ITIAPE - ISA Lille"	""	"2018"	"3"	"Île-de-France"	""	"Homme"	"0"	"Portage salarial"	"Mise à disposition à temps plein chez SNCF Réseau"	"1001-..."	"Je ne sais pas"	""	""	""	""	""	""	""	""	"C.D.I"	"42.5"	"3"	"Oui, si flexbile"	"Chef(fe) de projet"	""	"6"	"4"	"38137"	"X"	""	"31152"	""	"Ticket restaurant (6€/jours), CE, prime de congés (10% 1 mois de salaire/an) "	"3"
"160"	"06/07/2021 - 14:20"	"Autre"	"BTSA Aménagement paysagers"	"2005"	"13"	"Occitanie"	""	"Femme"	"2"	"Bureau d'études"	""	"6-10"	"Syntec: Convention collective nationale des bureaux d'études techniques, des cabinets d'ingénieurs-conseils et des sociétés de conseils"	""	""	""	""	""	""	"X"	""	"C.D.I"	"16"	"3"	"Oui, si flexbile"	"Chargé(e) d'étude"	""	"1"	"3"	"12700"	"X"	""	"15000"	""	""	"4"
"161"	"06/07/2021 - 14:22"	"ENSAPL"	""	"2018"	"2"	"Auvergne-Rhône-Alpes"	""	""	"0"	"Agence d'architecture"	""	"26-50"	"Convention collective nationale des entreprises d'architecture"	""	""	""	""	""	""	""	""	"C.D.I"	"40"	"3"	"Oui, si flexbile"	"Chargé(e) d'étude débutant"	""	"0"	"4"	"22500"	"X"	""	"22500"	""	"RTT, tickets restaurants"	"3"
"162"	"06/07/2021 - 14:45"	"ENSP Versailles"	""	"2004"	"17"	"Île-de-France"	""	"Femme"	"0"	"Fonction publique"	"Bureau de""études"	"11-25"	"Convention collective agricole"	""	""	""	""	""	""	""	""	"C.D.I"	"35"	"4"	"Oui, y compris à temps complet"	"Chef(fe) de projet"	""	"9"	"3"	"30000"	"X"	""	"28000"	""	"RTT"	"3"
"163"	"06/07/2021 - 14:51"	"Gembloux"	""	"2020"	"0"	"Bretagne"	""	"Homme"	"0"	"Agence de paysage"	""	"6-10"	"Je ne sais pas"	""	""	""	""	""	""	""	""	"C.D.I"	"35"	"4"	"Non, exceptionnellement pour les deux confinements"	"Chargé(e) d'étude"	""	"0"	"5 - Très satisfait"	""	"X"	""	""	""	""	"4"
"164"	"06/07/2021 - 15:07"	"ENSP Versailles"	""	"2003"	"17"	"Bretagne"	""	"Femme"	"1"	"Agence de paysage"	"agence d'architecture ET de paysage"	"6-10"	"Convention collective nationale des entreprises d'architecture"	""	""	""	""	""	""	""	""	"C.D.I"	"30"	"5 - Très satisfait"	"Oui, y compris à temps complet"	"Chef(fe) de projet confirmé"	""	"12"	"1"	"29000"	"X"	""	"27000"	""	"tickets restaurant"	"3"
"165"	"06/07/2021 - 15:48"	"Autre"	"MASTER aménagement"	"2013"	"7"	"Bourgogne-Franche-Comté"	""	"Je ne souhaite pas répondre"	"0"	"C.A.U.E"	""	"6-10"	"Convention collective des CAUE"	""	""	""	""	""	""	""	""	"C.D.I"	"39"	"4"	"Oui, si flexbile"	"Paysagiste conseil"	""	"4"	"4"	"29000"	"X"	""	"29000"	""	"Néant"	"3"
"166"	"06/07/2021 - 16:29"	"Autre"	"Architecte dplg"	"2003"	"9"	"Paris"	""	"Femme"	"4"	"Freelance / Indépendant"	""	"1"	"Je ne sais pas"	""	""	""	""	"X"	""	""	""	"Micro-entrepreneur (ME / Auto-entrepreneur)"	"20"	"5 - Très satisfait"	"Oui, si flexbile"	"Autre"	""	"9"	"5 - Très satisfait"	""	""	"X"	""	"16000"	""	"3"
"167"	"06/07/2021 - 16:37"	"ENSP Versailles"	""	"2009"	"11"	"Provence-Alpes-Côte d'Azur"	""	"Homme"	"0"	"Bureau d'études"	"BE ARTELIA - branche Ville & Transport"	"1001-..."	"Syntec: Convention collective nationale des bureaux d'études techniques, des cabinets d'ingénieurs-conseils et des sociétés de conseils"	""	""	""	""	""	""	""	""	"C.D.I"	"39"	"1"	"Oui, y compris à temps complet"	"Chef(fe) de projet"	""	"11"	"3"	"28972"	"X"	""	"28972"	""	"RTT, Tickets resto, CE, intéressement, participation, prime (pas automatique)"	"1"
"168"	"06/07/2021 - 16:45"	"ENSP Versailles"	""	"1990"	"31"	"Occitanie"	""	"Homme"	"0"	"Fonction publique"	"DREAL"	"501-1000"	"Fonction publique"	""	""	""	""	""	""	""	""	"Fonctionnaire"	"39"	"3"	"Oui, si flexbile"	"Chargé(e) d'affaires / d'opérations / de missions"	""	"19"	"3"	"45000"	"X"	""	""	""	"Aucun"	"3"
"169"	"06/07/2021 - 16:49"	"ENSP Versailles"	""	"2009"	"12"	"Hauts-de-France"	""	"Homme"	"2"	"Agence de paysage"	""	"2-5"	"Convention collective nationale des entreprises d'architecture"	""	""	""	""	""	""	""	""	"C.D.I"	"39"	"3"	"Non, uniquement pour le premier confinement"	"Chef(fe) de projet"	""	"9"	"4"	"28800"	"X"	""	"28800"	""	"Téléphone portable professionnel, ordinateur portable professionnel, tickets restaurants"	"3"
"170"	"06/07/2021 - 17:10"	"INSA-CVL-ENP (ex: ENSNP)"	""	"2007"	"14"	"Paris"	""	"Femme"	"4"	"Agence de paysage"	""	"2-5"	"Convention collective nationale des entreprises d'architecture"	""	""	""	""	""	""	""	""	"C.D.I"	"32"	"3"	"Oui, si flexbile"	"Chef(fe) de projet"	""	"4"	"3"	""	"X"	""	"20400"	""	"0"	"2"
"171"	"06/07/2021 - 17:19"	"ENSP Versailles"	""	"2013"	"5"	"Auvergne-Rhône-Alpes"	""	"Femme"	"0"	"Freelance / Indépendant"	"Entrepreneure-associée en coopérative d'entrepreneurs"	"51-200"	"Code du travail (Sans convention)"	""	""	""	""	""	""	""	""	"C.D.I"	"30"	"5 - Très satisfait"	"Oui, si flexbile"	"Chef(fe) de projet"	""	"5"	"5 - Très satisfait"	"16110"	""	""	""	""	""	"3"
"172"	"06/07/2021 - 17:20"	"ESAJ"	""	"1982"	"39"	"Pays de la Loire"	""	"Homme"	"3"	"Bureau d'études"	""	"201-500"	"Syntec: Convention collective nationale des bureaux d'études techniques, des cabinets d'ingénieurs-conseils et des sociétés de conseils"	""	""	""	""	""	""	""	""	"C.D.I"	"39"	"3"	"Oui, si flexbile"	"Chef(fe) de projet confirmé"	""	"26"	"4"	"41175"	"X"	""	"41175"	""	"10j RTT, Tickets restaurants, CE, Voiture de service "	"3"
"173"	"06/07/2021 - 17:22"	"INSA-CVL-ENP (ex: ENSNP)"	""	"2013"	"8"	"Grand Est"	""	"Femme"	"0"	"Agence de paysage"	""	"2-5"	"Convention collective nationale des entreprises d'architecture"	""	""	""	""	""	""	""	""	"C.D.I"	"36"	"3"	"Oui, si flexbile"	"Chef(fe) de projet"	""	"4"	"3"	"18681"	"X"	""	""	""	"TICKETS RESTAURANTS"	"2"
"174"	"06/07/2021 - 17:53"	"ENSP Versailles"	""	"1995"	"25"	"Île-de-France"	""	"Homme"	"0"	"Agence de paysage"	""	"6-10"	"Je ne sais pas"	""	""	""	""	""	""	""	""	"C.D.I"	"50"	"2"	"Oui, si flexbile"	"Responsable d'agence / bureaux"	""	"15"	"4"	"56000"	"X"	""	"56000"	""	"CE"	"4"
"175"	"06/07/2021 - 18:25"	"ENSP Versailles"	""	"1997"	"24"	"Provence-Alpes-Côte d'Azur"	""	"Homme"	"3"	"Agence de paysage"	"SARL"	"2-5"	"Syntec: Convention collective nationale des bureaux d'études techniques, des cabinets d'ingénieurs-conseils et des sociétés de conseils"	""	""	""	""	""	""	""	""	"Dirigeant de SARL"	"50"	"0 - Pas du tout satisfait"	"Oui, si flexbile"	"Directeur(trice)/Dirigeant(e) de société"	""	"5"	"3"	"21795"	""	"X"	""	"21795"	""	"0 - Pas du tout satisfait"
"176"	"06/07/2021 - 18:35"	"Autre"	"Diplome d'architecte "	"2016"	"4"	"Paris"	""	"Femme"	"0"	"Agence de paysage"	""	"11-25"	"Code du travail (Sans convention)"	""	""	""	""	""	""	""	""	"C.D.I"	"39"	"4"	"Oui, si flexbile"	"Chargé(e) d'affaires / d'opérations / de missions"	""	"4"	"4"	"21623"	"X"	""	""	""	"tickets restau"	"3"
"177"	"06/07/2021 - 19:15"	"ENSAPBX"	""	"2019"	"2"	"Grand Est"	""	"Femme"	"0"	"Agence d'architecture"	""	"2-5"	"Code du travail (Sans convention)"	""	""	""	""	""	""	""	""	"C.D.I"	"44"	"2"	"Oui, si flexbile"	"Chef(fe) de projet"	""	"1"	"3"	"15600"	"X"	""	""	""	""	"0 - Pas du tout satisfait"
"178"	"06/07/2021 - 19:19"	"Gembloux"	""	"2015"	"6"	"Normandie"	""	"Homme"	"0"	"Agence de paysage"	""	"6-10"	"Syntec: Convention collective nationale des bureaux d'études techniques, des cabinets d'ingénieurs-conseils et des sociétés de conseils"	""	""	""	""	""	""	""	""	"C.D.I"	"40"	"3"	"Oui, si flexbile"	"Chef(fe) de projet"	""	"6"	"5 - Très satisfait"	"26400"	"X"	""	"26400"	""	""	"3"
"179"	"06/07/2021 - 19:32"	"ENSAPL"	""	"2010"	"11"	"Île-de-France"	""	"Homme"	"2"	"Bureau d'études"	"BET VRD "	"26-50"	"Syntec: Convention collective nationale des bureaux d'études techniques, des cabinets d'ingénieurs-conseils et des sociétés de conseils"	""	""	""	""	""	""	""	""	"C.D.I"	"45"	"3"	"Oui, si flexbile"	"Responsable d'agence / bureaux"	""	"2"	"4"	"50000"	"X"	""	"50000"	""	"moto de fonction"	"3"
"180"	"06/07/2021 - 19:47"	"INSA-CVL-ENP (ex: ENSNP)"	""	"2019"	"1"	"Centre-Val de Loire"	""	""	"0"	"Agence de paysage"	""	"2-5"	"Convention collective nationale des entreprises d'architecture"	""	""	""	""	""	""	""	""	"C.D.D"	"39"	"3"	"Non, exceptionnellement pour les deux confinements"	"Dessinateur(trice) projeteur"	""	"1"	"4"	"18000"	"X"	""	""	""	""	"3"
"181"	"06/07/2021 - 19:48"	"ENSP Versailles"	""	"2010"	"11"	"La Réunion"	""	"Femme"	"1"	"Agence de paysage"	"Agence de Paysage et d’urbanisme. Avec un pôle jardin particulier, pôle espace publique et pôle urbanisme."	"6-10"	"Convention collective nationale des entreprises du paysage"	""	""	""	""	""	""	""	""	"C.D.I"	"35"	"5 - Très satisfait"	"Oui, si flexbile"	"Chargé(e) d'étude confirmé"	""	"8"	"3"	"20823"	"X"	""	"20823"	""	"Ticket restaurant 165,60"	"2"
"182"	"06/07/2021 - 19:48"	"Lullier"	""	"1997"	"22"	"Grand Est"	""	"Homme"	"1"	"Agence de paysage"	"SARL"	"2-5"	"Syntec: Convention collective nationale des bureaux d'études techniques, des cabinets d'ingénieurs-conseils et des sociétés de conseils"	""	""	""	""	""	""	""	""	"Dirigeant de SARL"	"50"	"2"	"Oui, si flexbile"	"Directeur(trice)/Dirigeant(e) de société"	""	"5"	"4"	"48000"	""	""	""	""	"sans objet"	"3"
"183"	"06/07/2021 - 20:22"	"Autre"	"autorisée à porter le titre de paysagiste conceptrice - ministère de la transition écologique, diplômée HQE, architecte dplg"	"1999"	"25"	"Île-de-France"	""	"Femme"	"2"	"Agence de paysage"	""	"2-5"	"Convention collective nationale des entreprises d'architecture"	""	""	""	""	""	""	""	""	"Dirigeant de SARL"	"50"	"2"	"Non, uniquement pour le premier confinement"	"Directeur(trice)/Dirigeant(e) de société"	""	"22"	"5 - Très satisfait"	"48000"	"X"	"X"	"48000"	"48000"	"sans objet"	"3"
"184"	"06/07/2021 - 21:06"	"Agrocampus Ouest (INH)"	""	"2014"	"6"	"Pays de la Loire"	""	"Femme"	"0"	"Agence de paysage"	""	"6-10"	"Syntec: Convention collective nationale des bureaux d'études techniques, des cabinets d'ingénieurs-conseils et des sociétés de conseils"	""	""	""	""	""	""	""	""	"C.D.I"	"39"	"3"	"Oui, si flexbile"	"Chef(fe) de projet débutant"	""	"2"	"3"	""	"X"	""	"21466"	""	"RTT, tickets restaurants, prime annuelle d'intéressement"	"3"
"185"	"06/07/2021 - 22:27"	"Gembloux"	""	"1990"	"31"	"Pays de la Loire"	""	"Femme"	"0"	"Agence de paysage"	""	"2-5"	"Syntec: Convention collective nationale des bureaux d'études techniques, des cabinets d'ingénieurs-conseils et des sociétés de conseils"	""	""	""	""	""	""	""	""	"C.D.I"	"35"	"3"	"Oui, si flexbile"	"Chef(fe) de projet"	""	"18"	"4"	"27723"	""	""	""	""	""	"2"
"186"	"06/07/2021 - 22:45"	"ENSP Versailles"	""	"1999"	"22"	"Pays de la Loire"	""	"Homme"	"3"	"Agence de paysage"	"SARL"	"2-5"	"Code du travail (Sans convention)"	"X"	""	""	""	""	""	""	""	"Dirigeant de SARL"	"2200"	"2"	"Non, exceptionnellement pour les deux confinements"	"Directeur(trice)/Dirigeant(e) de société"	""	"22"	"5 - Très satisfait"	"25100"	"X"	""	"25100"	""	"Co-gérant"	"3"
"187"	"07/07/2021 - 07:48"	"Agrocampus Ouest (INH)"	""	"2017"	"3"	"Provence-Alpes-Côte d'Azur"	""	"Femme"	"0"	"Agence de paysage"	""	"26-50"	"Convention collective nationale des entreprises d'architecture"	""	""	""	""	""	""	""	""	"C.D.I"	"37"	"1"	"Oui, si flexbile"	"Assistant(e) de projet"	""	"2"	"2"	"19957"	"X"	""	"19957"	""	"Tickets restaurant, RTT"	"0 - Pas du tout satisfait"
"188"	"07/07/2021 - 11:36"	"Autre"	""	"2000"	"20"	"Auvergne-Rhône-Alpes"	""	"Homme"	"0"	"Agence de paysage"	"sarl "	"2-5"	"Convention collective nationale des entreprises d'architecture"	"X"	""	""	""	""	""	""	""	"Dirigeant d'entreprise salarié"	"60"	"3"	"Oui, si flexbile"	"Responsable d'agence / bureaux"	""	"20"	"4"	""	"X"	""	""	""	""	"2"
"189"	"07/07/2021 - 13:37"	"INSA-CVL-ENP (ex: ENSNP)"	""	"2010"	"10"	"Paris"	""	"Femme"	"0"	"Groupe"	"Société de Conseil"	"201-500"	"Syntec: Convention collective nationale des bureaux d'études techniques, des cabinets d'ingénieurs-conseils et des sociétés de conseils"	""	""	""	""	""	""	""	""	"Micro-entrepreneur (ME / Auto-entrepreneur)"	"39"	"5 - Très satisfait"	"Oui, si flexbile"	"Autre"	"Ingénieur d'Affaires"	"2"	"4"	""	"X"	""	"29000"	""	"RTT, tickets restaurants, CE"	"4"
"190"	"07/07/2021 - 14:24"	"Gembloux"	""	"2003"	"17"	"Grand Est"	""	"Homme"	"0"	"Agence de paysage"	""	"2-5"	"Syntec: Convention collective nationale des bureaux d'études techniques, des cabinets d'ingénieurs-conseils et des sociétés de conseils"	""	""	""	""	""	""	""	""	"Dirigeant de SARL"	"50"	"0 - Pas du tout satisfait"	"Oui, si flexbile"	"Paysagiste conseil"	""	"17"	"3"	"28000"	"X"	""	"28000"	""	""	"3"
"191"	"07/07/2021 - 14:35"	"ENSP Versailles"	""	"2015"	"5"	"Paris"	""	"Homme"	"0"	"Bureau d'études"	"Egis, grosse entreprise"	"1001-..."	"Syntec: Convention collective nationale des bureaux d'études techniques, des cabinets d'ingénieurs-conseils et des sociétés de conseils"	""	""	""	""	""	""	""	"X"	"C.D.I"	"39"	"3"	"Oui, si flexbile"	"Chargé(e) d'étude"	""	"1"	"3"	"45000"	"X"	""	"45000"	""	""	"2"
"192"	"07/07/2021 - 14:45"	"Agrocampus Ouest (INH)"	""	"2018"	"3"	"Île-de-France"	""	"Homme"	"0"	"Fonction publique"	"MTE"	"501-1000"	"Je ne sais pas"	""	""	""	""	""	""	""	""	"Contractuel dans la fonction publique"	"39"	"5 - Très satisfait"	"Oui, si flexbile"	"Chargé(e) d'étude confirmé"	""	"1"	"5 - Très satisfait"	"24000"	"X"	""	"24000"	""	""	"3"
"193"	"07/07/2021 - 16:34"	"ENSAPBX"	""	"2013"	"8"	"Nouvelle-Aquitaine"	""	"Homme"	"1"	"Bureau d'études"	""	"11-25"	"Syntec: Convention collective nationale des bureaux d'études techniques, des cabinets d'ingénieurs-conseils et des sociétés de conseils"	""	""	""	""	""	""	""	""	"C.D.I"	"35"	"4"	"Oui, si flexbile"	"Responsable d'agence / bureaux"	""	"2"	"4"	""	"X"	""	"31100"	""	"voiture de fonction, téléphone, primes"	"4"
"194"	"07/07/2021 - 17:27"	"ENSAPBX"	""	"1999"	"22"	"Île-de-France"	""	"Homme"	"02"	"Agence de paysage"	""	"1"	"Je ne sais pas"	""	""	""	""	""	""	""	""	"Dirigeant de SARL"	"35"	"5 - Très satisfait"	"Oui, y compris à temps complet"	"Responsable d'agence / bureaux"	""	"15"	"5 - Très satisfait"	"43600"	""	"X"	""	"43600"	""	"4"
"195"	"07/07/2021 - 19:54"	"ENSP Versailles"	""	"2018"	"3"	"Pays de la Loire"	""	"Femme"	"0"	"Agence de paysage"	"SCOP arl"	"2-5"	"Convention collective nationale des entreprises du paysage"	""	""	""	""	""	""	""	""	"C.D.I"	"39"	"3"	"Oui, si flexbile"	"Autre"	"Associé polyvalent (assitante de projet, chargé de projet, gérance...)"	"3"	"4"	"25063"	"X"	""	"23126"	""	"ticket restaurants + mutuelle + frais de transport remboursés par moitié + frais de téléphone remboursés"	"3"
"196"	"07/07/2021 - 22:28"	"ENSAPL"	""	"2018"	"2"	"Normandie"	""	"Femme"	"0"	"Agence de paysage"	""	"2-5"	"Je ne sais pas"	""	""	""	""	""	""	""	""	"C.D.I"	"35"	"3"	"Oui, si flexbile"	"Chef(fe) de projet débutant"	""	"1"	"4"	"22200"	"X"	""	""	""	"/"	"2"
"197"	"07/07/2021 - 22:28"	"ENSAPL"	""	"2018"	"2"	"Normandie"	""	"Femme"	"0"	"Agence de paysage"	""	"2-5"	"Je ne sais pas"	""	""	""	""	""	""	""	""	"C.D.I"	"35"	"3"	"Oui, si flexbile"	"Chef(fe) de projet débutant"	""	"1"	"4"	"22200"	"X"	""	""	""	"/"	"2"
"198"	"08/07/2021 - 00:07"	"ENSP Versailles"	""	"2015"	"4"	"Auvergne-Rhône-Alpes"	""	"Homme"	"0"	"Agence de paysage"	""	"6-10"	"Convention collective nationale des entreprises d'architecture"	""	""	""	""	""	""	""	""	"C.D.D"	"39"	"2"	"Non, pas du tout"	"Chargé(e) d'étude"	""	"0"	"2"	"21100"	"X"	""	"21300"	""	"Aucun"	"0 - Pas du tout satisfait"
"199"	"08/07/2021 - 11:03"	"Gembloux"	""	"2016"	"5"	"La Réunion"	""	"Homme"	"0"	"Fonction publique"	"Parc national de La Réunion "	"51-200"	"Fonction publique"	""	""	""	""	""	""	""	""	"Contractuel dans la fonction publique"	"39"	"5 - Très satisfait"	"Oui, si flexbile"	"Chargé(e) d'affaires / d'opérations / de missions"	""	"1"	"5 - Très satisfait"	"33600"	"X"	""	"33600"	""	"RTT"	"5 - Très satisfait"
"200"	"08/07/2021 - 11:46"	"Autre"	"BTS + Licence Inforgaphie et Paysage"	"2012"	"9"	"Normandie"	""	"Homme"	"0"	"Agence de paysage"	""	"2-5"	"Convention collective nationale des entreprises du paysage"	""	""	""	""	""	""	""	""	"C.D.I"	"35"	"4"	"Oui, si flexbile"	"Chargé(e) d'opération"	""	"9"	"5 - Très satisfait"	"22249"	"X"	""	"22249"	""	"Telephone, tablette "	"4"
"201"	"08/07/2021 - 11:54"	"Gembloux"	""	"2017"	"2"	"Île-de-France"	""	"Femme"	"0"	"Bureau d'études"	"Bet Environnement filiale d'un bet tce"	"51-200"	"Syntec: Convention collective nationale des bureaux d'études techniques, des cabinets d'ingénieurs-conseils et des sociétés de conseils"	""	""	""	""	""	""	""	""	"C.D.I"	"39"	"3"	"Oui, si flexbile"	"Chargé(e) d'étude"	""	"1"	"3"	"22776"	"X"	""	"22776"	""	"RTT, CE, mutuelle, reduction 10% sur cantine en ligne"	"2"
"202"	"08/07/2021 - 14:33"	"Lullier"	""	"2007"	"20"	"Nouvelle-Aquitaine"	""	""	"0"	"Freelance / Indépendant"	""	"1"	"Convention collective nationale des entreprises du paysage"	""	""	""	""	""	""	""	""	"Dirigeant de SARL"	"39"	"4"	"Oui, si flexbile"	"Paysagiste conseil"	""	"15"	"4"	"83000"	"X"	""	""	""	""	"3"
"203"	"08/07/2021 - 16:05"	"ENSP Versailles"	""	"2016"	"5"	"Autre"	"Bruxelles"	"Femme"	"0"	"Freelance / Indépendant"	"Je travaille en tant qu’indépendante pour une entreprise de paysage"	"1"	"Je ne sais pas"	""	""	""	""	""	""	""	""	"Micro-entrepreneur (ME / Auto-entrepreneur)"	"32"	"4"	"Oui, si flexbile"	"Chef(fe) de projet"	""	"2"	"5 - Très satisfait"	"21587"	"X"	"X"	"21587"	"21587"	"Aucuns"	"2"
"204"	"08/07/2021 - 17:14"	"Autre"	"Eole des Arts Décoratifs et DESS"	"1996"	"25"	"Grand Est"	""	"Femme"	"2"	"Agence de paysage"	""	"2-5"	"Convention collective nationale des entreprises d'architecture"	""	""	""	""	""	""	""	""	"Dirigeant de SARL"	"45"	"3"	"Oui, y compris à temps complet"	"Directeur(trice)/Dirigeant(e) de société"	""	"20"	"5 - Très satisfait"	"36900"	""	""	""	""	"voiture de fonction téléphone tickets restaurant"	"5 - Très satisfait"
"205"	"09/07/2021 - 09:49"	"ENSAPL"	""	"2018"	"2"	"Paris"	""	"Femme"	"0"	"Agence de paysage"	""	"11-25"	"Convention collective nationale des entreprises d'architecture"	""	""	""	""	""	""	""	""	"C.D.I"	"37.5"	"5 - Très satisfait"	"Oui, si flexbile"	"Chef(fe) de projet débutant"	""	"1"	"4"	"19628"	"X"	""	"19628"	""	"RTT tickets restaurants"	"4"
"206"	"09/07/2021 - 13:27"	"Gembloux"	""	"2014"	"8"	"Île-de-France"	""	"Femme"	"0"	"Bureau d'études"	"EURL"	"1"	"Je ne sais pas"	""	""	""	""	""	""	""	""	"Dirigeant de SARL"	"50"	"3"	"Oui, si flexbile"	"Directeur(trice)/Dirigeant(e) de société"	""	"1"	"5 - Très satisfait"	"21500"	"X"	""	""	""	""	"0 - Pas du tout satisfait"
"207"	"09/07/2021 - 14:57"	"Autre"	"ENSA NANCY - Architecte DE"	"2019"	"1"	"Auvergne-Rhône-Alpes"	""	"Homme"	"0"	"Agence de paysage"	""	"2-5"	"Je ne sais pas"	""	""	""	""	""	""	""	""	"C.D.D"	"45"	"2"	"Oui, si flexbile"	"Chargé(e) d'étude"	""	"1"	"4"	"22000"	""	""	""	""	"Epargne salariale"	"5 - Très satisfait"
"208"	"09/07/2021 - 15:57"	"Agrocampus Ouest (INH)"	""	"1981"	"39"	"Nouvelle-Aquitaine"	""	"Homme"	"0"	"Fonction publique"	"Service départemental"	"11-25"	"Fonction publique"	""	""	""	""	""	""	""	""	"C.D.I"	"28"	"4"	"Oui, y compris à temps complet"	"Chargé(e) d'étude confirmé"	""	"26"	"5 - Très satisfait"	"48000"	"X"	""	"48000"	""	"RTT,CE"	"4"
"209"	"10/07/2021 - 07:44"	"Agrocampus Ouest (INH)"	""	"2012"	"8"	"Bretagne"	""	"Homme"	"0"	"Bureau d'études"	"Paysage - Urbanisme - VRD"	"2-5"	"Syntec: Convention collective nationale des bureaux d'études techniques, des cabinets d'ingénieurs-conseils et des sociétés de conseils"	""	""	""	""	""	""	""	""	"C.D.I"	"39"	"3"	"Oui, si flexbile"	"Chargé(e) d'étude"	""	"1"	"5 - Très satisfait"	""	"X"	""	"22000"	""	""	"4"
"210"	"10/07/2021 - 09:52"	"ENSP Versailles"	""	"2016"	"5"	"Autre"	"Lausanne"	"Femme"	"0"	"Agence de paysage"	""	"6-10"	"Je ne sais pas"	""	""	""	""	""	""	""	""	"C.D.I"	"42"	"3"	"Non, exceptionnellement pour les deux confinements"	"Chef(fe) de projet"	""	"5"	"5 - Très satisfait"	"4500"	"X"	""	"57000"	""	"Abonnement demi tarif train"	"4"
"211"	"11/07/2021 - 12:28"	"ENSAPBX"	""	"2002"	"19"	"Nouvelle-Aquitaine"	""	"Femme"	"1"	"Agence de paysage"	""	"2-5"	"Convention collective nationale des entreprises d'architecture"	""	""	""	""	""	""	""	""	"Dirigeant de SARL"	"50"	"1"	"Non, uniquement pour le premier confinement"	"Directeur(trice)/Dirigeant(e) de société"	""	"7"	"3"	"23896"	""	"X"	""	""	"Mutuelle"	"2"
"212"	"12/07/2021 - 05:59"	"Autre"	"Architecte ingénieur "	"2014"	"7"	"Auvergne-Rhône-Alpes"	""	"Femme"	"0"	"Agence de paysage"	""	"11-25"	"Convention collective nationale des entreprises d'architecture"	""	"X"	""	""	""	""	""	""	"C.D.I"	"42"	"2"	"Oui, si flexbile"	"Chargé(e) d'étude"	""	"1"	"0 - Pas du tout satisfait"	""	"X"	""	""	""	"Pas d'avantage "	"0 - Pas du tout satisfait"
"213"	"12/07/2021 - 16:19"	"ENSAPBX"	""	"2020"	"0"	"Nouvelle-Aquitaine"	""	"Homme"	"0"	"Bureau d'études"	"Bureau d'étude en urbanisme"	"6-10"	"Syntec: Convention collective nationale des bureaux d'études techniques, des cabinets d'ingénieurs-conseils et des sociétés de conseils"	""	""	""	""	""	""	""	""	"C.D.I"	"40"	"4"	"Oui, si flexbile"	"Chargé(e) d'étude"	""	"0"	"3"	""	"X"	""	"20364"	""	"mutuelle santé"	"3"
"214"	"12/07/2021 - 18:41"	"ENSP Versailles"	""	"2008"	"13"	"Paris"	""	"Femme"	"0"	"Agence d'architecture"	"Richez & associés"	"51-200"	"Convention collective nationale des entreprises d'architecture"	""	""	""	""	""	""	""	""	"C.D.I"	"39"	"0 - Pas du tout satisfait"	"Oui, si flexbile"	"Chef(fe) de projet"	""	"4"	"3"	"33041"	"X"	""	"33041"	""	"Tickets restaurants, possibilité de congés sans solde"	"2"
"215"	"13/07/2021 - 05:13"	"ENSP Versailles"	""	"2008"	"13"	"Autre"	"Montreal, Canada"	"Femme"	"3"	"Agence de paysage"	"coopérative"	"6-10"	"Je ne sais pas"	""	""	""	""	""	""	""	""	"C.D.I"	"39"	"3"	"Non, exceptionnellement pour les deux confinements"	"Directeur(trice)/Dirigeant(e) de société"	""	"5"	"5 - Très satisfait"	"55000"	"X"	""	"55000"	""	"/"	"3"
"216"	"13/07/2021 - 11:53"	"ESAJ"	""	"2012"	"9"	"Auvergne-Rhône-Alpes"	""	"Homme"	"2"	"Agence de paysage"	""	"11-25"	"Syntec: Convention collective nationale des bureaux d'études techniques, des cabinets d'ingénieurs-conseils et des sociétés de conseils"	""	""	""	""	""	""	""	""	"C.D.I"	"35"	"3"	"Oui, si flexbile"	"Chef(fe) de projet"	""	"4"	"3"	"22800"	""	""	""	""	"ticket restaurant"	"1"
"217"	"13/07/2021 - 12:14"	"ENSAPL"	""	"2012"	"9"	"Pays de la Loire"	""	"Femme"	"2"	"Bureau d'études"	"BE environnement paysage / écologie / étude règlementaire"	"11-25"	"Syntec: Convention collective nationale des bureaux d'études techniques, des cabinets d'ingénieurs-conseils et des sociétés de conseils"	""	""	""	""	""	""	""	""	"C.D.I"	"35"	"5 - Très satisfait"	"Oui, si flexbile"	"Responsable d'équipe"	""	"6"	"5 - Très satisfait"	"21984"	"X"	""	"19505"	""	"aucun"	"4"
"218"	"13/07/2021 - 12:58"	"ENSP Versailles"	""	"2010"	"11"	"Auvergne-Rhône-Alpes"	""	"Femme"	"1"	"Freelance / Indépendant"	""	"1"	"Je ne sais pas"	""	""	""	""	""	""	""	""	"Micro-entrepreneur (ME / Auto-entrepreneur)"	"45"	"1"	"Oui, si flexbile"	"Directeur(trice)/Dirigeant(e) de société"	""	"6"	"4"	""	""	"X"	""	"25076"	""	"1"
"219"	"14/07/2021 - 19:13"	"Agrocampus Ouest (INH)"	""	"2008"	"12"	"Île-de-France"	""	"Homme"	"0"	"Fonction publique"	"Commune de 97000 habitants, direction Envrionnement"	"1001-..."	"Fonction publique territoriale"	""	""	""	""	""	""	""	""	"Fonctionnaire"	"39"	"4"	"Oui, si flexbile"	"Responsable d'équipe"	""	"11"	"4"	"41829"	"X"	""	"46478"	""	""	"4"
"220"	"15/07/2021 - 22:59"	"Agrocampus Ouest (INH)"	""	"2018"	"2"	"Nouvelle-Aquitaine"	""	"Femme"	"0"	"Fonction publique"	"Agence technique départementale"	"51-200"	"Fonction publique territoriale"	""	""	""	""	""	""	""	""	"Contractuel dans la fonction publique"	"39"	"4"	"Oui, si flexbile"	"Chargé(e) d'affaires / d'opérations / de missions"	""	"1"	"4"	"16601"	"X"	""	"15058"	""	" RTT, tickets restaurants, CE"	"3"
"221"	"16/07/2021 - 08:12"	"ENSP Versailles"	""	"2010"	"11"	"Nouvelle-Aquitaine"	""	"Homme"	"1"	"Agence de paysage"	""	"2-5"	"Code du travail (Sans convention)"	""	""	""	""	""	""	""	""	"Dirigeant de SARL"	"50"	"5 - Très satisfait"	"Oui, y compris à temps complet"	"Directeur(trice)/Dirigeant(e) de société"	""	"4"	"5 - Très satisfait"	"16500"	"X"	""	""	""	""	"3"
"222"	"16/07/2021 - 08:14"	"ENSP Versailles"	""	"2010"	"11"	"Nouvelle-Aquitaine"	""	"Homme"	"1"	"Agence de paysage"	""	"2-5"	"Code du travail (Sans convention)"	""	""	""	""	""	""	""	""	"Dirigeant de SARL"	"50"	"5 - Très satisfait"	"Oui, y compris à temps complet"	"Directeur(trice)/Dirigeant(e) de société"	""	"4"	"5 - Très satisfait"	"16500"	"X"	""	""	""	""	"3"
"223"	"19/07/2021 - 09:45"	"ENSP Versailles"	""	"2002"	"19"	"Bretagne"	""	"Homme"	"3"	"Freelance / Indépendant"	""	"1"	"Code du travail (Sans convention)"	"X"	""	""	""	""	""	""	""	"Micro-entrepreneur (ME / Auto-entrepreneur)"	"39"	"3"	"Oui, si flexbile"	"Chef(fe) de projet"	""	"10"	"4"	"21800"	""	"X"	""	"24500"	""	"3"
"224"	"21/07/2021 - 14:07"	"INSA-CVL-ENP (ex: ENSNP)"	""	"2019"	"2"	"Autre"	"Berlin"	"Homme"	"0"	"Agence de paysage"	""	"11-25"	"Je ne sais pas"	""	""	""	""	""	""	""	"X"	"C.D.I"	"45"	"2"	"Oui, si flexbile"	"Dessinateur(trice) projeteur"	""	"1"	"1"	"20645"	""	""	""	""	"aucun"	"2"
"225"	"23/07/2021 - 08:55"	"Agrocampus Ouest (INH)"	""	"2010"	"11"	"Occitanie"	""	"Femme"	"0"	"Bureau d'études"	""	"201-500"	"Syntec: Convention collective nationale des bureaux d'études techniques, des cabinets d'ingénieurs-conseils et des sociétés de conseils"	""	""	""	""	""	""	""	""	"C.D.I"	"39"	"4"	"Oui, si flexbile"	"Chef(fe) de projet débutant"	""	"2"	"3"	"28838"	"X"	""	"28838"	""	"RTT et tickets restaurants"	"2"
"226"	"25/07/2021 - 17:11"	"ESAJ"	""	"1994"	"28"	"Occitanie"	""	"Femme"	"2"	"Agence de paysage"	"L*AGENCE ACTIONS TERRITOIRES"	"2-5"	"Syntec: Convention collective nationale des bureaux d'études techniques, des cabinets d'ingénieurs-conseils et des sociétés de conseils"	"X"	""	""	""	""	""	""	""	"Dirigeant de SARL"	"50"	"1"	"Oui, si flexbile"	"Directeur(trice)/Dirigeant(e) de société"	""	"28"	"2"	"24000"	""	"X"	""	"24000"	"AUCUN"	"0 - Pas du tout satisfait"
"227"	"25/07/2021 - 19:48"	"Lullier"	""	"2011"	"6"	"Auvergne-Rhône-Alpes"	""	"Femme"	"1"	"Agence de paysage"	""	"2-5"	"Convention collective nationale des entreprises d'architecture"	""	""	""	""	"X"	""	""	""	"C.D.I"	"30"	"3"	"Oui, y compris à temps complet"	"Chef(fe) de projet débutant"	""	"1"	"4"	"17700"	"X"	""	""	""	""	"3"
"228"	"26/07/2021 - 16:26"	"ENSP Versailles"	""	"2010"	"30"	"Autre"	"Oslo Norvege"	"Femme"	"1"	"Fonction publique"	"Ecole d'Architecture et de Design , institut de Paysage "	"26-50"	"Je ne sais pas"	""	""	"X"	""	""	""	""	""	"Fonctionnaire"	"39"	"5 - Très satisfait"	"Oui, si flexbile"	"Autre"	"Professeur, enseignant chercheur "	"1"	"5 - Très satisfait"	""	"X"	""	"60000"	""	"aucun"	"5 - Très satisfait"
"229"	"26/07/2021 - 18:15"	"ESAJ"	""	"2004"	"17"	"Auvergne-Rhône-Alpes"	""	"Homme"	"2"	"Agence de paysage"	""	"2-5"	"Code du travail (Sans convention)"	""	""	""	""	""	""	""	""	"C.D.I"	"47"	"2"	"Oui, si flexbile"	"Chef(fe) de projet confirmé"	""	"15"	"3"	"23900"	"X"	""	"26300"	""	"Aucun."	"0 - Pas du tout satisfait"
"230"	"30/07/2021 - 15:58"	"ENSAPBX"	""	"1999"	"22"	"Nouvelle-Aquitaine"	""	"Femme"	"2"	"Agence de paysage"	"entreprise individuelle"	"1"	"Je ne sais pas"	""	""	""	""	""	""	""	""	"Dirigeant de SARL"	"39"	"3"	"Oui, si flexbile"	"Autre"	"chef d'entreprise conception et administratif"	"22"	"2"	"8824"	"X"	""	"735"	""	"aucun"	"0 - Pas du tout satisfait"
"231"	"01/08/2021 - 16:17"	"INSA-CVL-ENP (ex: ENSNP)"	""	"2013"	"8"	"Île-de-France"	""	"Homme"	"0"	"Agence d'architecture"	""	"51-200"	"Convention collective nationale des entreprises d'architecture"	""	""	""	""	""	""	""	""	"C.D.I"	"37"	"4"	"Oui, si flexbile"	"Assistant(e) de projet"	""	"5"	"4"	""	"X"	""	"43345"	""	"RTT, Tickets restaurants, Prime, PEE/PERCO"	"3"
"232"	"02/08/2021 - 09:38"	"ENSP Versailles"	""	"2009"	"11"	"Nouvelle-Aquitaine"	""	"Femme"	"2"	"C.A.U.E"	""	"6-10"	"Convention collective des CAUE"	""	""	""	""	""	""	""	""	"C.D.I"	"26"	"4"	"Oui, si flexbile"	"Paysagiste conseil"	""	"6"	"4"	"18000"	"X"	""	"18000"	""	"tickets resto"	"3"
"233"	"02/08/2021 - 19:32"	"INSA-CVL-ENP (ex: ENSNP)"	""	"2018"	"2"	"Normandie"	""	"Homme"	"0"	"Agence de paysage"	""	"6-10"	"Syntec: Convention collective nationale des bureaux d'études techniques, des cabinets d'ingénieurs-conseils et des sociétés de conseils"	""	""	""	""	""	""	""	""	"C.D.I"	"35"	"5 - Très satisfait"	"Non, uniquement pour le premier confinement"	"Assistant(e) de projet"	""	"2"	"2"	""	"X"	""	"20945"	""	""	"3"
"234"	"04/08/2021 - 19:03"	"ENSAPBX"	""	"2019"	"2"	"Autre"	"Allemagne - Constance"	"Femme"	"0"	"Agence de paysage"	""	"11-25"	"Je ne sais pas"	""	""	""	""	""	""	""	""	"C.D.I"	"40"	"5 - Très satisfait"	"Oui, si flexbile"	"Assistant(e) de projet"	""	"1"	"1"	"25110"	"X"	""	"25110"	""	""	"4"
